1.22  -23  10.0332
1.24  -23  10.2058
1.26  -23  10.3787
1.28  -23  10.5518
1.3  -23  10.7252
1.32  -23  10.8989
1.34  -23  11.0728
1.36  -23  11.247
1.38  -23  11.4215
1.4  -23  11.5962
1.42  -23  11.7712
1.44  -23  11.9465
1.46  -23  12.122
1.48  -23  12.2978
1.5  -23  12.4739
1.52  -23  12.6502
1.54  -23  12.8268
1.56  -23  13.0037
1.58  -23  13.1808
1.6  -23  13.3582
1.62  -23  13.5359
1.64  -23  13.7138
1.66  -23  13.892
1.68  -23  14.0705
1.7  -23  14.2493
1.72  -23  14.4283
1.74  -23  14.6076
1.76  -23  14.7871
1.78  -23  14.967
1.8  -23  15.1471
1.82  -23  15.3274
1.84  -23  15.5081
1.86  -23  10.0802
1.86  -23  15.689
1.88  -23  10.1961
1.88  -23  15.8702
1.9  -23  10.3122
1.9  -23  16.0516
1.92  -23  10.4284
1.92  -23  16.2333
1.94  -23  10.5448
1.94  -23  16.4153
1.96  -23  10.6614
1.96  -23  16.5976
1.98  -23  10.7781
1.98  -23  16.7801
2  -23  10.895
2  -23  16.9629
2.02  -23  11.0121
2.02  -23  17.146
2.04  -23  11.1293
2.04  -23  17.3294
2.06  -23  11.2467
2.06  -23  17.513
2.08  -23  11.3643
2.08  -23  17.6969
2.1  -23  11.482
2.1  -23  17.881
2.12  -23  11.5999
2.12  -23  18.0655
2.14  -23  11.7179
2.14  -23  18.2502
2.16  -23  11.8361
2.16  -23  18.4352
2.18  -23  11.9545
2.18  -23  18.6204
2.2  -23  12.073
2.2  -23  18.806
2.22  -23  12.1917
2.22  -23  18.9918
2.24  -23  12.3105
2.24  -23  19.1779
2.26  -23  12.4295
2.26  -23  19.3642
2.28  -23  12.5487
2.28  -23  19.5508
2.3  -23  12.6681
2.3  -23  19.7377
2.32  -23  12.7876
2.32  -23  19.9249
2.34  -23  12.9072
2.34  -23  20.1123
2.36  -23  13.0271
2.36  -23  20.3001
2.38  -23  13.1471
2.38  -23  20.4881
2.4  -23  13.2672
2.4  -23  20.6763
2.42  -23  13.3875
2.42  -23  20.8649
2.44  -23  13.508
2.44  -23  21.0537
2.46  -23  13.6287
2.46  -23  21.2428
2.48  -23  13.7495
2.48  -23  21.4322
2.5  -23  13.8705
2.5  -23  21.6218
2.52  -23  13.9916
2.52  -23  21.8117
2.54  -23  14.1129
2.54  -23  22.0019
2.56  -23  14.2344
2.56  -23  22.1924
2.58  -23  14.356
2.58  -23  22.3832
2.6  -23  14.4778
2.6  -23  22.5742
2.62  -23  14.5998
2.62  -23  22.7655
2.64  -23  14.7219
2.64  -23  22.9571
2.66  -23  14.8442
2.66  -23  23.1489
2.68  -23  14.9666
2.68  -23  23.3411
2.7  -23  15.0892
2.7  -23  23.5335
2.72  -23  15.212
2.72  -23  23.7262
2.74  -23  15.3349
2.74  -23  23.9191
2.76  -23  15.4581
2.76  -23  24.1124
2.78  -23  15.5813
2.78  -23  24.3059
2.8  -23  15.7048
2.8  -23  24.4997
2.82  -23  15.8284
2.82  -23  24.6938
2.84  -23  15.9521
2.84  -23  24.8881
2.86  -23  16.0761
2.86  -23  25.0828
2.88  -23  16.2001
2.88  -23  25.2777
2.9  -23  16.3244
2.9  -23  25.4729
2.92  -23  16.4488
2.92  -23  25.6683
2.94  -23  16.5734
2.94  -23  25.8641
2.96  -23  16.6982
2.96  -23  26.0601
2.98  -23  16.8231
2.98  -23  26.2564
3  -23  16.9482
3  -23  26.453
3.02  -23  17.0734
3.02  -23  26.6499
3.04  -23  17.1988
3.04  -23  26.847
3.06  -23  17.3244
3.06  -23  27.0444
3.08  -23  17.4501
3.08  -23  27.2422
3.1  -23  17.576
3.1  -23  27.4401
3.12  -23  17.7021
3.12  -23  27.6384
3.14  -23  17.8283
3.14  -23  27.837
3.16  -23  17.9547
3.16  -23  28.0358
3.18  -23  18.0813
3.18  -23  28.2349
3.2  -23  18.208
3.2  -23  28.4343
3.22  -23  18.3349
3.22  -23  28.6339
3.24  -23  18.462
3.24  -23  28.8339
3.26  -23  18.5892
3.26  -23  29.0341
3.28  -23  18.7166
3.28  -23  29.2346
3.3  -23  18.8442
3.3  -23  29.4354
3.32  -23  18.9719
3.32  -23  29.6365
3.34  -23  19.0998
3.34  -23  29.8379
3.36  -23  19.2278
3.36  -23  30.0395
3.38  -23  19.3561
3.38  -23  30.2414
3.4  -23  19.4845
3.4  -23  30.4436
3.42  -23  19.613
3.42  -23  30.6461
3.44  -23  19.7417
3.44  -23  30.8489
3.46  -23  19.8706
3.46  -23  31.052
3.48  -23  19.9997
3.48  -23  31.2553
3.5  -23  20.1289
3.5  -23  31.4589
3.52  -23  20.2582
3.52  -23  31.6628
3.54  -23  20.3878
3.54  -23  31.867
3.56  -23  20.5175
3.56  -23  32.0715
3.58  -23  20.6474
3.58  -23  32.2762
3.6  -23  20.7774
3.6  -23  32.4813
3.62  -23  20.9076
3.62  -23  32.6866
3.64  -23  21.038
3.64  -23  32.8922
3.66  -23  21.1686
3.66  -23  33.0981
3.68  -23  21.2993
3.68  -23  33.3043
3.7  -23  21.4301
3.7  -23  33.5107
3.72  -23  21.5612
3.72  -23  33.7175
3.74  -23  21.6924
3.74  -23  33.9245
3.76  -23  21.8238
3.76  -23  34.1318
3.78  -23  21.9553
3.78  -23  34.3394
3.8  -23  22.087
3.8  -23  34.5473
3.82  -23  22.2189
3.82  -23  34.7555
3.84  -23  22.3509
3.84  -23  34.964
3.86  -23  22.4831
3.86  -23  35.1727
3.88  -23  22.6155
3.88  -23  35.3817
3.9  -23  22.7481
3.9  -23  35.591
3.92  -23  22.8808
3.92  -23  35.8006
3.94  -23  23.0136
3.94  -23  36.0105
3.96  -23  23.1467
3.96  -23  36.2207
3.98  -23  23.2799
3.98  -23  36.4312
4  -23  23.4133
4  -23  36.6419
4.02  -23  23.5468
4.02  -23  36.853
4.04  -23  23.6805
4.04  -23  37.0643
4.06  -23  23.8144
4.06  -23  37.2759
4.08  -23  23.9484
4.08  -23  37.4878
4.1  -23  24.0826
4.1  -23  37.7
4.12  -23  24.217
4.12  -23  37.9124
4.14  -23  24.3516
4.14  -23  38.1252
4.16  -23  24.4863
4.16  -23  38.3383
4.18  -23  24.6211
4.18  -23  38.5516
4.2  -23  24.7562
4.2  -23  38.7652
4.22  -23  24.8914
4.22  -23  38.9791
4.24  -23  25.0268
4.24  -23  10.0523
4.24  -23  39.1933
4.26  -23  25.1623
4.26  -23  10.105
4.26  -23  39.4078
4.28  -23  25.298
4.28  -23  10.1578
4.28  -23  39.6226
4.3  -23  25.4339
4.3  -23  10.2106
4.3  -23  39.8377
4.32  -23  25.57
4.32  -23  10.2635
4.32  -23  40.053
4.34  -23  25.7062
4.34  -23  10.3164
4.34  -23  40.2687
4.36  -23  25.8426
4.36  -23  10.3693
4.36  -23  40.4846
4.38  -23  25.9791
4.38  -23  10.4223
4.38  -23  40.7008
4.4  -23  26.1158
4.4  -23  10.4754
4.4  -23  40.9174
4.42  -23  26.2527
4.42  -23  10.5285
4.42  -23  41.1342
4.44  -23  26.3898
4.44  -23  10.5817
4.44  -23  41.3513
4.46  -23  26.527
4.46  -23  10.6349
4.46  -23  41.5687
4.48  -23  26.6644
4.48  -23  10.6881
4.48  -23  41.7863
4.5  -23  26.802
4.5  -23  10.7415
4.5  -23  42.0043
4.52  -23  26.9397
4.52  -23  10.7948
4.52  -23  42.2226
4.54  -23  27.0776
4.54  -23  10.8482
4.54  -23  42.4411
4.56  -23  27.2156
4.56  -23  10.9017
4.56  -23  42.6599
4.58  -23  27.3539
4.58  -23  10.9552
4.58  -23  42.8791
4.6  -23  27.4923
4.6  -23  11.0088
4.6  -23  43.0985
4.62  -23  27.6308
4.62  -23  11.0624
4.62  -23  43.3182
4.64  -23  27.7696
4.64  -23  11.116
4.64  -23  43.5382
4.66  -23  27.9085
4.66  -23  11.1698
4.66  -23  43.7585
4.68  -23  28.0475
4.68  -23  11.2235
4.68  -23  43.9791
4.7  -23  28.1868
4.7  -23  11.2773
4.7  -23  44.2
4.72  -23  28.3262
4.72  -23  11.3312
4.72  -23  44.4211
4.74  -23  28.4658
4.74  -23  11.3851
4.74  -23  44.6426
4.76  -23  28.6055
4.76  -23  11.4391
4.76  -23  44.8644
4.78  -23  28.7454
4.78  -23  11.4931
4.78  -23  45.0864
4.8  -23  28.8855
4.8  -23  11.5472
4.8  -23  45.3088
4.82  -23  29.0257
4.82  -23  11.6013
4.82  -23  45.5314
4.84  -23  29.1662
4.84  -23  11.6555
4.84  -23  45.7543
4.86  -23  29.3067
4.86  -23  11.7097
4.86  -23  45.9775
4.88  -23  29.4475
4.88  -23  11.7639
4.88  -23  46.201
4.9  -23  29.5884
4.9  -23  11.8183
4.9  -23  46.4248
4.92  -23  29.7295
4.92  -23  11.8726
4.92  -23  46.6489
4.94  -23  29.8708
4.94  -23  11.9271
4.94  -23  46.8733
4.96  -23  30.0122
4.96  -23  11.9815
4.96  -23  47.098
4.98  -23  30.1538
4.98  -23  12.036
4.98  -23  47.323
5  -23  30.2956
5  -23  12.0906
5  -23  47.5483
5.02  -23  30.4375
5.02  -23  12.1452
5.02  -23  47.7738
5.04  -23  30.5796
5.04  -23  12.1999
5.04  -23  47.9997
5.06  -23  30.7219
5.06  -23  12.2546
5.06  -23  48.2259
5.08  -23  30.8643
5.08  -23  12.3094
5.08  -23  48.4523
5.1  -23  31.0069
5.1  -23  12.3642
5.1  -23  48.6791
5.12  -23  31.1497
5.12  -23  12.4191
5.12  -23  48.9061
5.14  -23  31.2926
5.14  -23  12.474
5.14  -23  49.1334
5.16  -23  31.4357
5.16  -23  12.529
5.16  -23  49.3611
5.18  -23  31.579
5.18  -23  12.584
5.18  -23  49.589
5.2  -23  31.7225
5.2  -23  12.6391
5.2  -23  49.8172
5.22  -23  31.8661
5.22  -23  12.6942
5.22  -23  50.0457
5.24  -23  32.0099
5.24  -23  12.7494
5.24  -23  50.2745
5.26  -23  32.1538
5.26  -23  12.8046
5.26  -23  50.5036
5.28  -23  32.298
5.28  -23  12.8599
5.28  -23  50.733
5.3  -23  32.4423
5.3  -23  12.9152
5.3  -23  50.9627
5.32  -23  32.5867
5.32  -23  12.9706
5.32  -23  51.1927
5.34  -23  32.7314
5.34  -23  13.026
5.34  -23  51.423
5.36  -23  32.8762
5.36  -23  13.0815
5.36  -23  51.6536
5.38  -23  33.0212
5.38  -23  13.1371
5.38  -23  51.8845
5.4  -23  33.1663
5.4  -23  13.1926
5.4  -23  52.1157
5.42  -23  33.3116
5.42  -23  13.2483
5.42  -23  52.3471
5.44  -23  33.4571
5.44  -23  13.3039
5.44  -23  52.5789
5.46  -23  33.6027
5.46  -23  13.3597
5.46  -23  52.811
5.48  -23  33.7486
5.48  -23  13.4155
5.48  -23  53.0434
5.5  -23  33.8946
5.5  -23  13.4713
5.5  -23  53.276
5.52  -23  34.0407
5.52  -23  13.5272
5.52  -23  53.509
5.54  -23  34.187
5.54  -23  13.5831
5.54  -23  53.7422
5.56  -23  34.3335
5.56  -23  13.6391
5.56  -23  53.9758
5.58  -23  34.4802
5.58  -23  13.6951
5.58  -23  54.2097
5.6  -23  34.6271
5.6  -23  13.7512
5.6  -23  54.4438
5.62  -23  34.7741
5.62  -23  13.8074
5.62  -23  54.6783
5.64  -23  34.9212
5.64  -23  13.8635
5.64  -23  54.913
5.66  -23  35.0686
5.66  -23  13.9198
5.66  -23  55.1481
5.68  -23  35.2161
5.68  -23  13.9761
5.68  -23  55.3834
5.7  -23  35.3638
5.7  -23  14.0324
5.7  -23  55.619
5.72  -23  35.5116
5.72  -23  14.0888
5.72  -23  55.855
5.74  -23  35.6597
5.74  -23  14.1452
5.74  -23  56.0912
5.76  -23  35.8079
5.76  -23  14.2017
5.76  -23  56.3278
5.78  -23  35.9562
5.78  -23  14.2583
5.78  -23  56.5646
5.8  -23  36.1048
5.8  -23  14.3149
5.8  -23  56.8017
5.82  -23  36.2535
5.82  -23  14.3715
5.82  -23  57.0392
5.84  -23  36.4023
5.84  -23  14.4282
5.84  -23  57.2769
5.86  -23  36.5514
5.86  -23  14.485
5.86  -23  57.515
5.88  -23  36.7006
5.88  -23  14.5417
5.88  -23  57.7533
5.9  -23  36.85
5.9  -23  14.5986
5.9  -23  57.9919
5.92  -23  36.9995
5.92  -23  14.6555
5.92  -23  58.2309
5.94  -23  37.1493
5.94  -23  14.7124
5.94  -23  58.4701
5.96  -23  37.2992
5.96  -23  14.7694
5.96  -23  58.7096
5.98  -23  37.4492
5.98  -23  14.8265
5.98  -23  58.9495
6  -23  37.5995
6  -23  14.8836
6  -23  59.1896
6.02  -23  37.7499
6.02  -23  14.9407
6.02  -23  59.4301
6.04  -23  37.9004
6.04  -23  14.9979
6.04  -23  59.6708
6.06  -23  38.0512
6.06  -23  15.0552
6.06  -23  59.9118
6.08  -23  38.2021
6.08  -23  15.1125
6.08  -23  60.1532
6.1  -23  38.3532
6.1  -23  15.1698
6.1  -23  60.3948
6.12  -23  38.5044
6.12  -23  15.2272
6.12  -23  60.6368
6.14  -23  38.6559
6.14  -23  15.2847
6.14  -23  60.879
6.16  -23  38.8075
6.16  -23  15.3422
6.16  -23  61.1216
6.18  -23  38.9592
6.18  -23  15.3997
6.18  -23  61.3644
6.2  -23  39.1112
6.2  -23  15.4573
6.2  -23  61.6076
6.22  -23  39.2633
6.22  -23  15.515
6.22  -23  61.851
6.24  -23  39.4155
6.24  -23  15.5727
6.24  -23  62.0948
6.26  -23  39.568
6.26  -23  15.6305
6.26  -23  62.3388
6.28  -23  39.7206
6.28  -23  15.6883
6.28  -23  62.5832
6.3  -23  39.8734
6.3  -23  15.7461
6.3  -23  62.8278
6.32  -23  40.0264
6.32  -23  15.804
6.32  -23  63.0728
6.34  -23  40.1795
6.34  -23  15.862
6.34  -23  63.3181
6.36  -23  40.3328
6.36  -23  15.92
6.36  -23  63.5636
6.38  -23  40.4863
6.38  -23  15.9781
6.38  -23  63.8095
6.4  -23  40.6399
6.4  -23  16.0362
6.4  -23  64.0557
6.42  -23  40.7937
6.42  -23  16.0943
6.42  -23  64.3021
6.44  -23  40.9477
6.44  -23  16.1526
6.44  -23  64.5489
6.46  -23  41.1018
6.46  -23  16.2108
6.46  -23  64.796
6.48  -23  41.2562
6.48  -23  16.2691
6.48  -23  65.0434
6.5  -23  41.4107
6.5  -23  16.3275
6.5  -23  65.2911
6.52  -23  41.5653
6.52  -23  10.0323
6.52  -23  16.3859
6.52  -23  65.5391
6.54  -23  41.7202
6.54  -23  10.0674
6.54  -23  16.4444
6.54  -23  65.7874
6.56  -23  41.8752
6.56  -23  10.1026
6.56  -23  16.5029
6.56  -23  66.036
6.58  -23  42.0303
6.58  -23  10.1378
6.58  -23  16.5615
6.58  -23  66.2849
6.6  -23  42.1857
6.6  -23  10.1731
6.6  -23  16.6201
6.6  -23  66.5341
6.62  -23  42.3412
6.62  -23  10.2084
6.62  -23  16.6787
6.62  -23  66.7836
6.64  -23  42.4969
6.64  -23  10.2437
6.64  -23  16.7375
6.64  -23  67.0334
6.66  -23  42.6528
6.66  -23  10.279
6.66  -23  16.7962
6.66  -23  67.2836
6.68  -23  42.8088
6.68  -23  10.3143
6.68  -23  16.8551
6.68  -23  67.534
6.7  -23  42.965
6.7  -23  10.3497
6.7  -23  16.9139
6.7  -23  67.7847
6.72  -23  43.1214
6.72  -23  10.3851
6.72  -23  16.9728
6.72  -23  68.0357
6.74  -23  43.2779
6.74  -23  10.4205
6.74  -23  17.0318
6.74  -23  68.2871
6.76  -23  43.4346
6.76  -23  10.456
6.76  -23  17.0908
6.76  -23  68.5387
6.78  -23  43.5915
6.78  -23  10.4915
6.78  -23  17.1499
6.78  -23  68.7907
6.8  -23  43.7486
6.8  -23  10.527
6.8  -23  17.209
6.8  -23  69.043
6.82  -23  43.9058
6.82  -23  10.5625
6.82  -23  17.2682
6.82  -23  69.2955
6.84  -23  44.0632
6.84  -23  10.5981
6.84  -23  17.3274
6.84  -23  69.5484
6.86  -23  44.2208
6.86  -23  10.6337
6.86  -23  17.3867
6.86  -23  69.8016
6.88  -23  44.3785
6.88  -23  10.6693
6.88  -23  17.446
6.88  -23  70.055
6.9  -23  44.5364
6.9  -23  10.7049
6.9  -23  17.5054
6.9  -23  70.3088
6.92  -23  44.6945
6.92  -23  10.7406
6.92  -23  17.5648
6.92  -23  70.5629
6.94  -23  44.8528
6.94  -23  10.7763
6.94  -23  17.6243
6.94  -23  70.8173
6.96  -23  45.0112
6.96  -23  10.812
6.96  -23  17.6839
6.96  -23  71.072
6.98  -23  45.1698
6.98  -23  10.8478
6.98  -23  17.7434
6.98  -23  71.327
7  -23  45.3286
7  -23  10.8836
7  -23  17.8031
7  -23  71.5824
7.02  -23  45.4875
7.02  -23  10.9194
7.02  -23  17.8627
7.02  -23  71.838
7.04  -23  45.6466
7.04  -23  10.9552
7.04  -23  17.9225
7.04  -23  72.0939
7.06  -23  45.8059
7.06  -23  10.991
7.06  -23  17.9823
7.06  -23  72.3502
7.08  -23  45.9653
7.08  -23  11.0269
7.08  -23  18.0421
7.08  -23  72.6067
7.1  -23  46.125
7.1  -23  11.0628
7.1  -23  18.102
7.1  -23  72.8636
7.12  -23  46.2848
7.12  -23  11.0988
7.12  -23  18.1619
7.12  -23  73.1207
7.14  -23  46.4447
7.14  -23  11.1347
7.14  -23  18.2219
7.14  -23  73.3782
7.16  -23  46.6049
7.16  -23  11.1707
7.16  -23  18.2819
7.16  -23  73.636
7.18  -23  46.7652
7.18  -23  11.2068
7.18  -23  18.342
7.18  -23  73.894
7.2  -23  46.9257
7.2  -23  11.2428
7.2  -23  18.4022
7.2  -23  74.1524
7.22  -23  47.0863
7.22  -23  11.2789
7.22  -23  18.4623
7.22  -23  74.4111
7.24  -23  47.2471
7.24  -23  11.315
7.24  -23  18.5226
7.24  -23  74.6701
7.26  -23  47.4081
7.26  -23  11.3511
7.26  -23  18.5829
7.26  -23  74.9295
7.28  -23  47.5693
7.28  -23  11.3872
7.28  -23  18.6432
7.28  -23  75.1891
7.3  -23  47.7306
7.3  -23  11.4234
7.3  -23  18.7036
7.3  -23  75.449
7.32  -23  47.8922
7.32  -23  11.4596
7.32  -23  18.7641
7.32  -23  75.7092
7.34  -23  48.0538
7.34  -23  11.4958
7.34  -23  18.8245
7.34  -23  75.9698
7.36  -23  48.2157
7.36  -23  11.5321
7.36  -23  18.8851
7.36  -23  76.2306
7.38  -23  48.3777
7.38  -23  11.5684
7.38  -23  18.9457
7.38  -23  76.4918
7.4  -23  48.5399
7.4  -23  11.6047
7.4  -23  19.0063
7.4  -23  76.7533
7.42  -23  48.7023
7.42  -23  11.641
7.42  -23  19.067
7.42  -23  77.0151
7.44  -23  48.8648
7.44  -23  11.6774
7.44  -23  19.1278
7.44  -23  77.2772
7.46  -23  49.0275
7.46  -23  11.7138
7.46  -23  19.1886
7.46  -23  77.5396
7.48  -23  49.1904
7.48  -23  11.7502
7.48  -23  19.2494
7.48  -23  77.8023
7.5  -23  49.3535
7.5  -23  11.7866
7.5  -23  19.3103
7.5  -23  78.0653
7.52  -23  49.5167
7.52  -23  11.8231
7.52  -23  19.3713
7.52  -23  78.3286
7.54  -23  49.6801
7.54  -23  11.8596
7.54  -23  19.4323
7.54  -23  78.5923
7.56  -23  49.8437
7.56  -23  11.8961
7.56  -23  19.4933
7.56  -23  78.8562
7.58  -23  50.0074
7.58  -23  11.9327
7.58  -23  19.5544
7.58  -23  79.1205
7.6  -23  50.1713
7.6  -23  11.9693
7.6  -23  19.6155
7.6  -23  79.385
7.62  -23  50.3354
7.62  -23  12.0059
7.62  -23  19.6768
7.62  -23  79.6499
7.64  -23  50.4996
7.64  -23  12.0425
7.64  -23  19.738
7.64  -23  79.9151
7.66  -23  50.6641
7.66  -23  12.0792
7.66  -23  19.7993
7.66  -23  80.1806
7.68  -23  50.8287
7.68  -23  12.1158
7.68  -23  19.8607
7.68  -23  80.4464
7.7  -23  50.9934
7.7  -23  12.1525
7.7  -23  19.9221
7.7  -23  80.7125
7.72  -23  51.1584
7.72  -23  12.1893
7.72  -23  19.9835
7.72  -23  80.979
7.74  -23  51.3235
7.74  -23  12.226
7.74  -23  20.045
7.74  -23  81.2457
7.76  -23  51.4888
7.76  -23  12.2628
7.76  -23  20.1066
7.76  -23  81.5128
7.78  -23  51.6542
7.78  -23  12.2996
7.78  -23  20.1682
7.78  -23  81.7801
7.8  -23  51.8199
7.8  -23  12.3365
7.8  -23  20.2298
7.8  -23  82.0478
7.82  -23  51.9857
7.82  -23  12.3734
7.82  -23  20.2915
7.82  -23  82.3158
7.84  -23  52.1516
7.84  -23  12.4103
7.84  -23  20.3533
7.84  -23  82.5841
7.86  -23  52.3178
7.86  -23  12.4472
7.86  -23  20.4151
7.86  -23  82.8527
7.88  -23  52.4841
7.88  -23  12.4841
7.88  -23  20.477
7.88  -23  83.1216
7.9  -23  52.6506
7.9  -23  12.5211
7.9  -23  20.5389
7.9  -23  83.3908
7.92  -23  52.8173
7.92  -23  12.5581
7.92  -23  20.6008
7.92  -23  83.6604
7.94  -23  52.9841
7.94  -23  12.5951
7.94  -23  20.6629
7.94  -23  83.9302
7.96  -23  53.1511
7.96  -23  12.6322
7.96  -23  20.7249
7.96  -23  84.2004
7.98  -23  53.3183
7.98  -23  12.6693
7.98  -23  20.787
7.98  -23  84.4709
8  -23  53.4856
8  -23  12.7064
8  -23  20.8492
8  -23  84.7417
8.02  -23  53.6531
8.02  -23  12.7435
8.02  -23  20.9114
8.02  -23  85.0128
8.04  -23  53.8208
8.04  -23  12.7807
8.04  -23  20.9737
8.04  -23  85.2842
8.06  -23  53.9887
8.06  -23  12.8178
8.06  -23  21.036
8.06  -23  85.5559
8.08  -23  54.1567
8.08  -23  12.8551
8.08  -23  21.0984
8.08  -23  85.828
8.1  -23  54.325
8.1  -23  12.8923
8.1  -23  21.1608
8.1  -23  86.1003
8.12  -23  54.4933
8.12  -23  12.9296
8.12  -23  21.2232
8.12  -23  86.373
8.14  -23  54.6619
8.14  -23  12.9669
8.14  -23  21.2858
8.14  -23  86.646
8.16  -23  54.8306
8.16  -23  13.0042
8.16  -23  21.3483
8.16  -23  86.9193
8.18  -23  54.9995
8.18  -23  13.0415
8.18  -23  21.4109
8.18  -23  87.1929
8.2  -23  55.1686
8.2  -23  13.0789
8.2  -23  21.4736
8.2  -23  87.4668
8.22  -23  55.3378
8.22  -23  13.1163
8.22  -23  21.5363
8.22  -23  87.741
8.24  -23  55.5072
8.24  -23  13.1537
8.24  -23  21.5991
8.24  -23  88.0156
8.26  -23  55.6768
8.26  -23  13.1912
8.26  -23  21.6619
8.26  -23  88.2904
8.28  -23  55.8466
8.28  -23  13.2286
8.28  -23  21.7248
8.28  -23  88.5656
8.3  -23  56.0165
8.3  -23  13.2661
8.3  -23  21.7877
8.3  -23  88.8411
8.32  -23  56.1866
8.32  -23  13.3037
8.32  -23  21.8507
8.32  -23  89.1169
8.34  -23  56.3569
8.34  -23  13.3412
8.34  -23  21.9137
8.34  -23  89.393
8.36  -23  56.5273
8.36  -23  13.3788
8.36  -23  21.9768
8.36  -23  89.6694
8.38  -23  56.6979
8.38  -23  13.4164
8.38  -23  22.0399
8.38  -23  89.9462
8.4  -23  56.8687
8.4  -23  13.4541
8.4  -23  22.1031
8.4  -23  90.2232
8.42  -23  57.0397
8.42  -23  13.4917
8.42  -23  22.1663
8.42  -23  90.5006
8.44  -23  57.2108
8.44  -23  13.5294
8.44  -23  22.2296
8.44  -23  90.7783
8.46  -23  57.3821
8.46  -23  13.5671
8.46  -23  22.2929
8.46  -23  91.0563
8.48  -23  57.5536
8.48  -23  13.6049
8.48  -23  22.3563
8.48  -23  91.3346
8.5  -23  57.7253
8.5  -23  13.6426
8.5  -23  22.4197
8.5  -23  91.6132
8.52  -23  57.8971
8.52  -23  13.6804
8.52  -23  22.4832
8.52  -23  91.8922
8.54  -23  58.0691
8.54  -23  13.7182
8.54  -23  22.5467
8.54  -23  92.1714
8.56  -23  58.2413
8.56  -23  13.7561
8.56  -23  22.6103
8.56  -23  92.451
8.58  -23  58.4136
8.58  -23  13.794
8.58  -23  22.6739
8.58  -23  92.7309
8.6  -23  58.5861
8.6  -23  13.8319
8.6  -23  22.7376
8.6  -23  93.0111
8.62  -23  58.7588
8.62  -23  13.8698
8.62  -23  22.8013
8.62  -23  93.2916
8.64  -23  58.9317
8.64  -23  13.9077
8.64  -23  22.8651
8.64  -23  93.5724
8.66  -23  59.1047
8.66  -23  13.9457
8.66  -23  22.9289
8.66  -23  93.8536
8.68  -23  59.2779
8.68  -23  13.9837
8.68  -23  22.9928
8.68  -23  94.1351
8.7  -23  59.4513
8.7  -23  14.0217
8.7  -23  23.0568
8.7  -23  94.4168
8.72  -23  59.6248
8.72  -23  14.0598
8.72  -23  23.1207
8.72  -23  94.6989
8.74  -23  59.7985
8.74  -23  14.0979
8.74  -23  23.1848
8.74  -23  94.9814
8.76  -23  59.9724
8.76  -23  14.136
8.76  -23  23.2489
8.76  -23  95.2641
8.78  -23  60.1465
8.78  -23  14.1741
8.78  -23  23.313
8.78  -23  95.5471
8.8  -23  60.3207
8.8  -23  14.2123
8.8  -23  23.3772
8.8  -23  95.8305
8.82  -23  60.4951
8.82  -23  14.2505
8.82  -23  23.4414
8.82  -23  96.1142
8.84  -23  60.6697
8.84  -23  14.2887
8.84  -23  23.5057
8.84  -23  96.3982
8.86  -23  60.8445
8.86  -23  14.3269
8.86  -23  23.57
8.86  -23  96.6825
8.88  -23  61.0194
8.88  -23  14.3652
8.88  -23  23.6344
8.88  -23  96.9671
8.9  -23  61.1945
8.9  -23  14.4035
8.9  -23  23.6989
8.9  -23  97.252
8.92  -23  61.3698
8.92  -23  14.4418
8.92  -23  23.7633
8.92  -23  97.5373
8.94  -23  61.5452
8.94  -23  14.4802
8.94  -23  23.8279
8.94  -23  97.8229
8.96  -23  61.7208
8.96  -23  14.5185
8.96  -23  23.8925
8.96  -23  98.1088
8.98  -23  61.8966
8.98  -23  14.5569
8.98  -23  23.9571
8.98  -23  98.395
9  -23  62.0726
9  -23  14.5954
9  -23  24.0218
9  -23  98.6815
9.02  -23  62.2487
9.02  -23  14.6338
9.02  -23  24.0865
9.02  -23  98.9684
9.04  -23  62.425
9.04  -23  14.6723
9.04  -23  24.1513
9.04  -23  99.2555
9.06  -23  62.6015
9.06  -23  14.7108
9.06  -23  24.2162
9.06  -23  99.543
9.08  -23  62.7781
9.08  -23  14.7493
9.08  -23  24.2811
9.08  -23  99.8308
9.1  -23  62.9549
9.1  -23  14.7879
9.1  -23  24.346
9.1  -23  100.119
9.12  -23  63.1319
9.12  -23  14.8265
9.12  -23  24.411
9.12  -23  100.407
9.14  -23  63.3091
9.14  -23  14.8651
9.14  -23  24.476
9.14  -23  100.696
9.16  -23  63.4864
9.16  -23  14.9037
9.16  -23  24.5411
9.16  -23  100.985
9.18  -23  63.664
9.18  -23  14.9424
9.18  -23  24.6063
9.18  -23  101.275
9.2  -23  63.8416
9.2  -23  14.981
9.2  -23  24.6715
9.2  -23  101.564
9.22  -23  64.0195
9.22  -23  15.0198
9.22  -23  24.7367
9.22  -23  101.854
9.24  -23  64.1975
9.24  -23  15.0585
9.24  -23  24.802
9.24  -23  102.145
9.26  -23  64.3757
9.26  -23  15.0973
9.26  -23  24.8673
9.26  -23  102.435
9.28  -23  64.5541
9.28  -23  15.136
9.28  -23  24.9327
9.28  -23  102.726
9.3  -23  64.7326
9.3  -23  15.1749
9.3  -23  24.9982
9.3  -23  103.018
9.32  -23  64.9114
9.32  -23  15.2137
9.32  -23  25.0637
9.32  -23  103.309
9.34  -23  65.0903
9.34  -23  15.2526
9.34  -23  25.1292
9.34  -23  103.601
9.36  -23  65.2693
9.36  -23  15.2915
9.36  -23  25.1948
9.36  -23  103.893
9.38  -23  65.4485
9.38  -23  15.3304
9.38  -23  25.2605
9.38  -23  104.186
9.4  -23  65.628
9.4  -23  15.3693
9.4  -23  25.3262
9.4  -23  104.479
9.42  -23  65.8075
9.42  -23  15.4083
9.42  -23  25.3919
9.42  -23  104.772
9.44  -23  65.9873
9.44  -23  15.4473
9.44  -23  25.4577
9.44  -23  105.066
9.46  -23  66.1672
9.46  -23  15.4863
9.46  -23  25.5235
9.46  -23  105.359
9.48  -23  66.3473
9.48  -23  15.5254
9.48  -23  25.5894
9.48  -23  105.654
9.5  -23  66.5276
9.5  -23  15.5645
9.5  -23  25.6554
9.5  -23  105.948
9.52  -23  66.708
9.52  -23  15.6036
9.52  -23  25.7214
9.52  -23  106.243
9.54  -23  66.8886
9.54  -23  15.6427
9.54  -23  25.7874
9.54  -23  106.538
9.56  -23  67.0694
9.56  -23  15.6818
9.56  -23  25.8535
9.56  -23  106.833
9.58  -23  67.2504
9.58  -23  15.721
9.58  -23  25.9197
9.58  -23  107.129
9.6  -23  67.4315
9.6  -23  15.7602
9.6  -23  25.9859
9.6  -23  107.425
9.62  -23  67.6128
9.62  -23  15.7995
9.62  -23  26.0521
9.62  -23  107.722
9.64  -23  67.7943
9.64  -23  15.8387
9.64  -23  26.1184
9.64  -23  108.018
9.66  -23  67.976
9.66  -23  15.878
9.66  -23  26.1848
9.66  -23  108.316
9.68  -23  68.1578
9.68  -23  15.9173
9.68  -23  26.2512
9.68  -23  108.613
9.7  -23  68.3398
9.7  -23  15.9567
9.7  -23  26.3176
9.7  -23  108.911
9.72  -23  68.5219
9.72  -23  15.996
9.72  -23  26.3841
9.72  -23  109.209
9.74  -23  68.7043
9.74  -23  16.0354
9.74  -23  26.4507
9.74  -23  109.507
9.76  -23  68.8868
9.76  -23  16.0748
9.76  -23  26.5173
9.76  -23  109.806
9.78  -23  69.0695
9.78  -23  16.1143
9.78  -23  26.5839
9.78  -23  110.105
9.8  -23  69.2523
9.8  -23  16.1537
9.8  -23  26.6506
9.8  -23  110.404
9.82  -23  69.4354
9.82  -23  16.1932
9.82  -23  26.7174
9.82  -23  110.703
9.84  -23  69.6186
9.84  -23  16.2328
9.84  -23  26.7842
9.84  -23  111.003
9.86  -23  69.8019
9.86  -23  16.2723
9.86  -23  26.851
9.86  -23  111.304
9.88  -23  69.9855
9.88  -23  16.3119
9.88  -23  26.9179
9.88  -23  111.604
9.9  -23  70.1692
9.9  -23  16.3515
9.9  -23  26.9849
9.9  -23  111.905
9.92  -23  70.3531
9.92  -23  16.3911
9.92  -23  27.0519
9.92  -23  112.206
9.94  -23  70.5372
9.94  -23  16.4307
9.94  -23  27.1189
9.94  -23  112.508
9.96  -23  70.7214
9.96  -23  16.4704
9.96  -23  27.186
9.96  -23  112.81
9.98  -23  70.9058
9.98  -23  16.5101
9.98  -23  27.2532
9.98  -23  113.112
10  -23  71.0904
10  -23  16.5498
10  -23  27.3204
10  -23  113.414
0.14  -22  11.5962
0.16  -22  13.3582
0.18  -22  15.1471
0.2  -22  10.895
0.2  -22  16.9629
0.22  -22  12.073
0.22  -22  18.806
0.24  -22  13.2672
0.24  -22  20.6763
0.26  -22  14.4778
0.26  -22  22.5742
0.28  -22  15.7048
0.28  -22  24.4997
0.3  -22  16.9482
0.3  -22  26.453
0.32  -22  18.208
0.32  -22  28.4343
0.34  -22  19.4845
0.34  -22  30.4436
0.36  -22  20.7774
0.36  -22  32.4813
0.38  -22  22.087
0.38  -22  34.5473
0.4  -22  23.4133
0.4  -22  36.6419
0.42  -22  24.7562
0.42  -22  38.7652
0.44  -22  26.1158
0.44  -22  10.4754
0.44  -22  40.9174
0.46  -22  27.4923
0.46  -22  11.0088
0.46  -22  43.0985
0.48  -22  28.8855
0.48  -22  11.5472
0.48  -22  45.3088
0.5  -22  30.2956
0.5  -22  12.0906
0.5  -22  47.5483
0.52  -22  31.7225
0.52  -22  12.6391
0.52  -22  49.8172
0.54  -22  33.1663
0.54  -22  13.1926
0.54  -22  52.1157
0.56  -22  34.6271
0.56  -22  13.7512
0.56  -22  54.4438
0.58  -22  36.1048
0.58  -22  14.3149
0.58  -22  56.8017
0.6  -22  37.5995
0.6  -22  14.8836
0.6  -22  59.1896
0.62  -22  39.1112
0.62  -22  15.4573
0.62  -22  61.6076
0.64  -22  40.6399
0.64  -22  16.0362
0.64  -22  64.0557
0.66  -22  42.1857
0.66  -22  10.1731
0.66  -22  16.6201
0.66  -22  66.5341
0.68  -22  43.7486
0.68  -22  10.527
0.68  -22  17.209
0.68  -22  69.043
0.7  -22  45.3286
0.7  -22  10.8836
0.7  -22  17.8031
0.7  -22  71.5824
0.72  -22  46.9257
0.72  -22  11.2428
0.72  -22  18.4022
0.72  -22  74.1524
0.74  -22  48.5399
0.74  -22  11.6047
0.74  -22  19.0063
0.74  -22  76.7533
0.76  -22  50.1713
0.76  -22  11.9693
0.76  -22  19.6155
0.76  -22  79.385
0.78  -22  51.8199
0.78  -22  12.3365
0.78  -22  20.2298
0.78  -22  82.0478
0.8  -22  53.4856
0.8  -22  12.7064
0.8  -22  20.8492
0.8  -22  84.7417
0.82  -22  55.1686
0.82  -22  13.0789
0.82  -22  21.4736
0.82  -22  87.4668
0.84  -22  56.8687
0.84  -22  13.4541
0.84  -22  22.1031
0.84  -22  90.2232
0.86  -22  58.5861
0.86  -22  13.8319
0.86  -22  22.7376
0.86  -22  93.0111
0.88  -22  60.3207
0.88  -22  14.2123
0.88  -22  23.3772
0.88  -22  95.8305
0.9  -22  62.0726
0.9  -22  14.5954
0.9  -22  24.0218
0.9  -22  98.6815
0.92  -22  63.8416
0.92  -22  14.981
0.92  -22  24.6715
0.92  -22  101.564
0.94  -22  65.628
0.94  -22  15.3693
0.94  -22  25.3262
0.94  -22  104.479
0.96  -22  67.4315
0.96  -22  15.7602
0.96  -22  25.9859
0.96  -22  107.425
0.98  -22  69.2523
0.98  -22  16.1537
0.98  -22  26.6506
0.98  -22  110.404
1  -22  71.0904
1  -22  16.5498
1  -22  27.3204
1  -22  113.414
1.02  -22  72.9457
1.02  -22  16.9485
1.02  -22  27.9952
1.02  -22  116.457
1.02  -22  10.2874
1.04  -22  74.8183
1.04  -22  17.3498
1.04  -22  28.675
1.04  -22  119.532
1.04  -22  17.3899
1.06  -22  76.708
1.06  -22  17.7536
1.06  -22  29.3597
1.06  -22  122.64
1.06  -22  24.7963
1.08  -22  78.6151
1.08  -22  18.16
1.08  -22  30.0495
1.08  -22  125.779
1.08  -22  32.5085
1.1  -22  80.5393
1.1  -22  18.569
1.1  -22  30.7442
1.1  -22  128.952
1.1  -22  40.5284
1.12  -22  82.4808
1.12  -22  18.9805
1.12  -22  31.444
1.12  -22  132.156
1.12  -22  48.8581
1.14  -22  84.4394
1.14  -22  19.3945
1.14  -22  32.1486
1.14  -22  135.394
1.14  -22  57.4994
1.16  -22  86.4153
1.16  -22  19.811
1.16  -22  32.8582
1.16  -22  138.664
1.16  -22  66.4543
1.18  -22  88.4083
1.18  -22  20.2301
1.18  -22  33.5728
1.18  -22  141.967
1.18  -22  75.7245
1.2  -22  90.4186
1.2  -22  20.6517
1.2  -22  34.2923
1.2  -22  145.303
1.2  -22  85.3119
1.22  -22  92.4459
1.22  -22  21.0758
1.22  -22  35.0167
1.22  -22  148.671
1.22  -22  95.2184
1.24  -22  94.4904
1.24  -22  21.5023
1.24  -22  35.746
1.24  -22  152.073
1.24  -22  105.446
1.26  -22  96.5521
1.26  -22  21.9314
1.26  -22  36.4801
1.26  -22  155.507
1.26  -22  115.996
1.28  -22  98.6308
1.28  -22  22.3629
1.28  -22  37.2192
1.28  -22  158.975
1.28  -22  126.87
1.3  -22  100.727
1.3  -22  22.7968
1.3  -22  37.9631
1.3  -22  162.476
1.3  -22  138.071
1.32  -22  102.839
1.32  -22  23.2332
1.32  -22  38.7119
1.32  -22  166.01
1.32  -22  149.599
1.34  -22  104.969
1.34  -22  23.6721
1.34  -22  39.4655
1.34  -22  169.577
1.34  -22  161.457
1.36  -22  107.116
1.36  -22  24.1133
1.36  -22  40.2239
1.36  -22  173.177
1.36  -22  173.647
1.38  -22  109.28
1.38  -22  24.557
1.38  -22  40.9871
1.38  -22  176.811
1.38  -22  186.169
1.4  -22  111.461
1.4  -22  25.003
1.4  -22  41.7551
1.4  -22  180.477
1.4  -22  199.026
1.42  -22  113.659
1.42  -22  25.4514
1.42  -22  42.5279
1.42  -22  184.178
1.42  -22  212.219
1.44  -22  115.873
1.44  -22  25.9023
1.44  -22  43.3054
1.44  -22  187.911
1.44  -22  225.749
1.46  -22  118.105
1.46  -22  26.3554
1.46  -22  44.0876
1.46  -22  191.678
1.46  -22  239.62
1.48  -22  120.353
1.48  -22  26.8109
1.48  -22  44.8746
1.48  -22  195.479
1.48  -22  253.83
1.5  -22  122.618
1.5  -22  27.2687
1.5  -22  45.6663
1.5  -22  199.313
1.5  -22  268.384
1.52  -22  124.9
1.52  -22  27.7289
1.52  -22  46.4626
1.52  -22  203.18
1.52  -22  283.281
1.54  -22  127.198
1.54  -22  28.1913
1.54  -22  47.2636
1.54  -22  207.081
1.54  -22  298.523
1.56  -22  129.513
1.56  -22  28.6561
1.56  -22  48.0692
1.56  -22  211.015
1.56  -22  314.113
1.58  -22  131.845
1.58  -22  29.1231
1.58  -22  48.8794
1.58  -22  214.983
1.58  -22  330.05
1.6  -22  134.194
1.6  -22  29.5923
1.6  -22  49.6943
1.6  -22  218.985
1.6  -22  346.337
1.62  -22  136.559
1.62  -22  30.0638
1.62  -22  50.5137
1.62  -22  223.02
1.62  -22  362.975
1.64  -22  138.94
1.64  -22  30.5375
1.64  -22  51.3377
1.64  -22  227.088
1.64  -22  379.965
1.66  -22  141.338
1.66  -22  31.0135
1.66  -22  52.1661
1.66  -22  231.19
1.66  -22  397.309
1.68  -22  143.752
1.68  -22  31.4916
1.68  -22  52.9991
1.68  -22  235.326
1.68  -22  415.008
1.7  -22  146.183
1.7  -22  31.9719
1.7  -22  53.8366
1.7  -22  239.495
1.7  -22  433.062
1.72  -22  148.63
1.72  -22  32.4544
1.72  -22  54.6785
1.72  -22  243.698
1.72  -22  451.475
1.74  -22  151.093
1.74  -22  32.939
1.74  -22  55.5249
1.74  -22  247.934
1.74  -22  470.245
1.76  -22  153.572
1.76  -22  33.4257
1.76  -22  56.3757
1.76  -22  252.203
1.76  -22  489.376
1.78  -22  156.068
1.78  -22  33.9145
1.78  -22  57.2308
1.78  -22  256.507
1.78  -22  508.868
1.8  -22  158.579
1.8  -22  34.4055
1.8  -22  58.0903
1.8  -22  260.843
1.8  -22  528.721
1.82  -22  161.107
1.82  -22  34.8985
1.82  -22  58.9541
1.82  -22  265.213
1.82  -22  548.938
1.84  -22  163.65
1.84  -22  35.3935
1.84  -22  59.8223
1.84  -22  269.617
1.84  -22  569.519
1.86  -22  166.21
1.86  -22  35.8907
1.86  -22  60.6947
1.86  -22  274.053
1.86  -22  590.465
1.88  -22  168.785
1.88  -22  36.3898
1.88  -22  61.5713
1.88  -22  278.524
1.88  -22  611.778
1.9  -22  171.376
1.9  -22  36.8909
1.9  -22  62.4522
1.9  -22  283.027
1.9  -22  633.457
1.92  -22  173.983
1.92  -22  37.394
1.92  -22  63.3373
1.92  -22  287.564
1.92  -22  655.505
1.94  -22  176.605
1.94  -22  37.8991
1.94  -22  64.2265
1.94  -22  292.134
1.94  -22  677.922
1.96  -22  179.243
1.96  -22  38.4061
1.96  -22  65.1198
1.96  -22  296.737
1.96  -22  700.71
1.98  -22  181.896
1.98  -22  38.915
1.98  -22  66.0173
1.98  -22  301.374
1.98  -22  723.868
2  -22  184.565
2  -22  39.4259
2  -22  10.172
2  -22  66.9188
2  -22  306.043
2  -22  747.398
2.02  -22  187.249
2.02  -22  39.9386
2.02  -22  10.356
2.02  -22  67.8243
2.02  -22  310.746
2.02  -22  771.3
2.04  -22  189.949
2.04  -22  40.4532
2.04  -22  10.5411
2.04  -22  68.7339
2.04  -22  315.481
2.04  -22  795.576
2.06  -22  192.664
2.06  -22  40.9696
2.06  -22  10.7276
2.06  -22  69.6474
2.06  -22  320.25
2.06  -22  820.226
2.08  -22  195.394
2.08  -22  41.4879
2.08  -22  10.9152
2.08  -22  70.5649
2.08  -22  325.051
2.08  -22  845.251
2.1  -22  198.139
2.1  -22  42.008
2.1  -22  11.1041
2.1  -22  71.4863
2.1  -22  329.885
2.1  -22  870.651
2.12  -22  200.898
2.12  -22  42.5298
2.12  -22  11.2942
2.12  -22  72.4115
2.12  -22  334.752
2.12  -22  896.427
2.14  -22  203.673
2.14  -22  43.0534
2.14  -22  11.4855
2.14  -22  73.3406
2.14  -22  339.652
2.14  -22  922.581
2.16  -22  206.463
2.16  -22  43.5787
2.16  -22  11.678
2.16  -22  74.2735
2.16  -22  344.584
2.16  -22  949.111
2.18  -22  209.267
2.18  -22  44.1058
2.18  -22  11.8716
2.18  -22  75.2102
2.18  -22  349.549
2.18  -22  976.02
2.2  -22  212.086
2.2  -22  44.6345
2.2  -22  12.0663
2.2  -22  76.1506
2.2  -22  354.546
2.2  -22  1003.31
2.22  -22  214.92
2.22  -22  45.1649
2.22  -22  12.2622
2.22  -22  77.0947
2.22  -22  359.575
2.22  -22  1030.97
2.24  -22  217.768
2.24  -22  45.697
2.24  -22  12.4592
2.24  -22  78.0424
2.24  -22  364.637
2.24  -22  1059.02
2.26  -22  220.63
2.26  -22  46.2307
2.26  -22  12.6573
2.26  -22  78.9938
2.26  -22  369.731
2.26  -22  1087.44
2.28  -22  223.507
2.28  -22  46.766
2.28  -22  12.8564
2.28  -22  79.9488
2.28  -22  374.857
2.28  -22  1116.25
2.3  -22  226.398
2.3  -22  47.3029
2.3  -22  13.0566
2.3  -22  80.9073
2.3  -22  380.015
2.3  -22  1145.44
2.32  -22  229.303
2.32  -22  47.8413
2.32  -22  13.2578
2.32  -22  81.8693
2.32  -22  385.205
2.32  -22  1175.01
2.34  -22  232.222
2.34  -22  48.3813
2.34  -22  13.46
2.34  -22  82.8349
2.34  -22  390.427
2.34  -22  1204.95
2.36  -22  235.155
2.36  -22  48.9227
2.36  -22  13.6633
2.36  -22  83.8038
2.36  -22  395.68
2.36  -22  1235.29
2.38  -22  238.102
2.38  -22  49.4657
2.38  -22  13.8675
2.38  -22  84.7761
2.38  -22  400.965
2.38  -22  1266
2.4  -22  241.063
2.4  -22  50.0101
2.4  -22  14.0727
2.4  -22  85.7518
2.4  -22  406.282
2.4  -22  1297.09
2.42  -22  244.037
2.42  -22  50.556
2.42  -22  14.2788
2.42  -22  86.7308
2.42  -22  411.63
2.42  -22  1328.57
2.44  -22  247.025
2.44  -22  51.1033
2.44  -22  14.4858
2.44  -22  87.7131
2.44  -22  417.009
2.44  -22  1360.43
2.46  -22  250.026
2.46  -22  51.6519
2.46  -22  14.6938
2.46  -22  88.6987
2.46  -22  422.419
2.46  -22  1392.67
2.48  -22  253.041
2.48  -22  52.2019
2.48  -22  14.9026
2.48  -22  89.6874
2.48  -22  427.86
2.48  -22  1425.3
2.5  -22  256.069
2.5  -22  52.7533
2.5  -22  15.1123
2.5  -22  90.6792
2.5  -22  433.332
2.5  -22  1458.31
2.52  -22  259.109
2.52  -22  53.306
2.52  -22  15.3228
2.52  -22  91.6742
2.52  -22  438.835
2.52  -22  1491.7
2.54  -22  262.163
2.54  -22  53.8599
2.54  -22  15.5342
2.54  -22  92.6722
2.54  -22  444.368
2.54  -22  1525.47
2.56  -22  265.23
2.56  -22  54.4152
2.56  -22  15.7463
2.56  -22  93.6733
2.56  -22  449.932
2.56  -22  1559.63
2.58  -22  268.31
2.58  -22  54.9716
2.58  -22  15.9593
2.58  -22  94.6773
2.58  -22  455.527
2.58  -22  1594.17
2.6  -22  271.403
2.6  -22  55.5293
2.6  -22  16.173
2.6  -22  95.6843
2.6  -22  461.151
2.6  -22  1629.09
2.62  -22  274.508
2.62  -22  56.0881
2.62  -22  16.3875
2.62  -22  96.6942
2.62  -22  466.806
2.62  -22  1664.39
2.64  -22  277.625
2.64  -22  56.6481
2.64  -22  16.6027
2.64  -22  97.7069
2.64  -22  472.49
2.64  -22  1700.08
2.66  -22  280.755
2.66  -22  57.2093
2.66  -22  16.8186
2.66  -22  98.7224
2.66  -22  478.204
2.66  -22  1736.15
2.68  -22  283.897
2.68  -22  57.7715
2.68  -22  17.0352
2.68  -22  99.7406
2.68  -22  483.948
2.68  -22  1772.6
2.7  -22  287.051
2.7  -22  58.3348
2.7  -22  17.2525
2.7  -22  100.762
2.7  -22  489.721
2.7  -22  1809.43
2.72  -22  290.218
2.72  -22  58.8992
2.72  -22  17.4704
2.72  -22  101.785
2.72  -22  495.524
2.72  -22  1846.64
2.74  -22  293.396
2.74  -22  59.4646
2.74  -22  17.6889
2.74  -22  102.811
2.74  -22  501.355
2.74  -22  1884.23
2.76  -22  296.586
2.76  -22  60.031
2.76  -22  17.908
2.76  -22  103.84
2.76  -22  507.216
2.76  -22  1922.21
2.78  -22  299.788
2.78  -22  60.5983
2.78  -22  18.1277
2.78  -22  104.872
2.78  -22  513.105
2.78  -22  1960.56
2.8  -22  303.001
2.8  -22  61.1666
2.8  -22  18.348
2.8  -22  105.905
2.8  -22  519.023
2.8  -22  1999.3
2.82  -22  306.225
2.82  -22  61.7358
2.82  -22  18.5688
2.82  -22  106.942
2.82  -22  524.97
2.82  -22  2038.41
2.84  -22  309.461
2.84  -22  62.3059
2.84  -22  18.7901
2.84  -22  107.98
2.84  -22  530.944
2.84  -22  2077.9
2.86  -22  312.709
2.86  -22  62.8769
2.86  -22  19.012
2.86  -22  109.021
2.86  -22  536.947
2.86  -22  2117.77
2.88  -22  315.967
2.88  -22  63.4486
2.88  -22  19.2343
2.88  -22  110.064
2.88  -22  542.978
2.88  -22  2158.02
2.9  -22  319.236
2.9  -22  64.0212
2.9  -22  19.457
2.9  -22  111.11
2.9  -22  549.036
2.9  -22  2198.64
2.92  -22  322.516
2.92  -22  64.5946
2.92  -22  19.6802
2.92  -22  112.158
2.92  -22  555.122
2.92  -22  2239.64
2.94  -22  325.807
2.94  -22  65.1686
2.94  -22  19.9038
2.94  -22  113.207
2.94  -22  561.235
2.94  -22  2281.01
2.96  -22  329.108
2.96  -22  65.7434
2.96  -22  20.1278
2.96  -22  114.259
2.96  -22  567.375
2.96  -22  2322.76
2.98  -22  332.42
2.98  -22  66.3189
2.98  -22  20.3522
2.98  -22  115.313
2.98  -22  573.543
2.98  -22  2364.89
3  -22  335.741
3  -22  66.8951
3  -22  20.5769
3  -22  116.369
3  -22  579.737
3  -22  2407.38
3.02  -22  339.074
3.02  -22  67.4718
3.02  -22  20.8019
3.02  -22  117.427
3.02  -22  585.957
3.02  -22  2450.25
3.04  -22  342.416
3.04  -22  68.0492
3.04  -22  21.0272
3.04  -22  118.486
3.04  -22  592.204
3.04  -22  2493.5
3.06  -22  345.768
3.06  -22  68.6271
3.06  -22  21.2528
3.06  -22  119.548
3.06  -22  598.477
3.06  -22  2537.11
3.08  -22  349.13
3.08  -22  69.2055
3.08  -22  21.4786
3.08  -22  120.611
3.08  -22  604.776
3.08  -22  2581.09
3.1  -22  352.501
3.1  -22  69.7845
3.1  -22  21.7047
3.1  -22  121.676
3.1  -22  611.1
3.1  -22  2625.44
3.12  -22  355.882
3.12  -22  70.3639
3.12  -22  21.931
3.12  -22  122.742
3.12  -22  617.45
3.12  -22  2670.16
3.14  -22  359.272
3.14  -22  70.9438
3.14  -22  22.1575
3.14  -22  123.811
3.14  -22  623.825
3.14  -22  2715.24
3.16  -22  362.672
3.16  -22  71.5241
3.16  -22  22.3842
3.16  -22  124.88
3.16  -22  630.226
3.16  -22  2760.69
3.18  -22  366.08
3.18  -22  72.1048
3.18  -22  22.611
3.18  -22  125.952
3.18  -22  636.651
3.18  -22  2806.51
3.2  -22  369.498
3.2  -22  72.6859
3.2  -22  22.8379
3.2  -22  127.024
3.2  -22  643.1
3.2  -22  2852.69
3.22  -22  372.924
3.22  -22  73.2672
3.22  -22  23.0649
3.22  -22  128.098
3.22  -22  649.574
3.22  -22  2899.23
3.24  -22  376.359
3.24  -22  73.8489
3.24  -22  23.292
3.24  -22  129.174
3.24  -22  656.072
3.24  -22  2946.13
3.26  -22  379.802
3.26  -22  74.4308
3.26  -22  23.5191
3.26  -22  130.251
3.26  -22  662.594
3.26  -22  2993.39
3.28  -22  383.254
3.28  -22  75.013
3.28  -22  23.7463
3.28  -22  131.328
3.28  -22  669.139
3.28  -22  3041.01
3.3  -22  386.714
3.3  -22  75.5953
3.3  -22  23.9734
3.3  -22  132.408
3.3  -22  675.708
3.3  -22  3088.99
3.32  -22  390.182
3.32  -22  76.1778
3.32  -22  24.2006
3.32  -22  133.488
3.32  -22  682.3
3.32  -22  3137.32
3.34  -22  393.658
3.34  -22  76.7605
3.34  -22  24.4277
3.34  -22  134.569
3.34  -22  688.914
3.34  -22  3186.01
3.36  -22  397.142
3.36  -22  77.3433
3.36  -22  24.6547
3.36  -22  135.651
3.36  -22  695.552
3.36  -22  3235.05
3.38  -22  400.634
3.38  -22  77.9261
3.38  -22  24.8817
3.38  -22  136.735
3.38  -22  702.211
3.38  -22  3284.44
3.4  -22  404.133
3.4  -22  78.509
3.4  -22  25.1085
3.4  -22  137.819
3.4  -22  708.893
3.4  -22  3334.18
3.42  -22  407.639
3.42  -22  79.0919
3.42  -22  25.3352
3.42  -22  138.904
3.42  -22  715.597
3.42  -22  3384.27
3.44  -22  411.152
3.44  -22  79.6748
3.44  -22  25.5617
3.44  -22  139.989
3.44  -22  722.322
3.44  -22  3434.71
3.46  -22  414.673
3.46  -22  80.2576
3.46  -22  25.7881
3.46  -22  141.076
3.46  -22  729.068
3.46  -22  3485.49
3.48  -22  418.2
3.48  -22  80.8404
3.48  -22  26.0143
3.48  -22  142.163
3.48  -22  735.836
3.48  -22  3536.62
3.5  -22  421.735
3.5  -22  81.423
3.5  -22  26.2402
3.5  -22  143.25
3.5  -22  742.624
3.5  -22  3588.09
3.52  -22  425.275
3.52  -22  82.0055
3.52  -22  26.4659
3.52  -22  144.339
3.52  -22  749.433
3.52  -22  3639.9
3.54  -22  428.823
3.54  -22  82.5878
3.54  -22  26.6913
3.54  -22  145.427
3.54  -22  756.261
3.54  -22  3692.05
3.56  -22  432.376
3.56  -22  83.1699
3.56  -22  26.9164
3.56  -22  146.516
3.56  -22  763.11
3.56  -22  3744.54
3.56  -22  11.4432
3.58  -22  435.936
3.58  -22  83.7518
3.58  -22  27.1412
3.58  -22  147.606
3.58  -22  769.979
3.58  -22  3797.36
3.58  -22  13.9648
3.6  -22  439.501
3.6  -22  84.3333
3.6  -22  27.3656
3.6  -22  148.696
3.6  -22  776.867
3.6  -22  3850.52
3.6  -22  16.5161
3.62  -22  443.072
3.62  -22  84.9146
3.62  -22  27.5897
3.62  -22  149.786
3.62  -22  783.774
3.62  -22  3904.01
3.62  -22  19.097
3.64  -22  446.649
3.64  -22  85.4955
3.64  -22  27.8134
3.64  -22  150.876
3.64  -22  790.699
3.64  -22  3957.82
3.64  -22  21.7073
3.66  -22  450.232
3.66  -22  86.0761
3.66  -22  28.0366
3.66  -22  151.966
3.66  -22  797.644
3.66  -22  4011.97
3.66  -22  24.3471
3.68  -22  453.82
3.68  -22  86.6562
3.68  -22  28.2595
3.68  -22  153.057
3.68  -22  804.606
3.68  -22  4066.44
3.68  -22  27.0163
3.7  -22  457.413
3.7  -22  87.2359
3.7  -22  28.4818
3.7  -22  154.147
3.7  -22  811.586
3.7  -22  4121.23
3.7  -22  29.7147
3.72  -22  461.011
3.72  -22  87.8152
3.72  -22  28.7037
3.72  -22  155.237
3.72  -22  818.584
3.72  -22  4176.35
3.72  -22  32.4423
3.74  -22  464.614
3.74  -22  88.3939
3.74  -22  28.925
3.74  -22  156.328
3.74  -22  825.599
3.74  -22  4231.79
3.74  -22  35.1989
3.76  -22  468.221
3.76  -22  88.9721
3.76  -22  29.1459
3.76  -22  157.418
3.76  -22  832.632
3.76  -22  4287.54
3.76  -22  37.9846
3.78  -22  471.833
3.78  -22  89.5497
3.78  -22  29.3661
3.78  -22  158.507
3.78  -22  839.681
3.78  -22  4343.62
3.78  -22  40.7991
3.8  -22  475.45
3.8  -22  90.1268
3.8  -22  29.5858
3.8  -22  159.597
3.8  -22  846.746
3.8  -22  4400
3.8  -22  43.6424
3.82  -22  479.071
3.82  -22  90.7032
3.82  -22  29.8049
3.82  -22  160.686
3.82  -22  853.827
3.82  -22  4456.7
3.82  -22  46.5145
3.84  -22  482.696
3.84  -22  91.2789
3.84  -22  30.0234
3.84  -22  161.775
3.84  -22  860.925
3.84  -22  4513.7
3.84  -22  49.4151
3.86  -22  486.324
3.86  -22  91.8539
3.86  -22  30.2412
3.86  -22  162.863
3.86  -22  868.037
3.86  -22  4571.02
3.86  -22  52.3442
3.88  -22  489.957
3.88  -22  92.4282
3.88  -22  30.4583
3.88  -22  163.951
3.88  -22  875.165
3.88  -22  4628.63
3.88  -22  55.3017
3.9  -22  493.593
3.9  -22  93.0017
3.9  -22  30.6747
3.9  -22  165.038
3.9  -22  882.308
3.9  -22  4686.55
3.9  -22  58.2875
3.92  -22  497.232
3.92  -22  93.5744
3.92  -22  30.8905
3.92  -22  166.124
3.92  -22  889.465
3.92  -22  4744.77
3.92  -22  61.3014
3.94  -22  500.874
3.94  -22  94.1463
3.94  -22  31.1054
3.94  -22  167.21
3.94  -22  896.636
3.94  -22  4803.29
3.94  -22  64.3434
3.96  -22  504.52
3.96  -22  10.5889
3.96  -22  94.7173
3.96  -22  31.3196
3.96  -22  168.295
3.96  -22  903.821
3.96  -22  4862.11
3.96  -22  67.4133
3.98  -22  508.169
3.98  -22  12.1577
3.98  -22  95.2874
3.98  -22  31.533
3.98  -22  169.379
3.98  -22  911.02
3.98  -22  4921.21
3.98  -22  70.511
4  -22  511.82
4  -22  13.7375
4  -22  95.8566
4  -22  31.7456
4  -22  170.462
4  -22  918.232
4  -22  4980.61
4  -22  73.6363
4.02  -22  515.474
4.02  -22  15.3282
4.02  -22  96.4248
4.02  -22  31.9574
4.02  -22  171.544
4.02  -22  925.456
4.02  -22  5040.3
4.02  -22  76.7893
4.04  -22  519.13
4.04  -22  16.9296
4.04  -22  96.992
4.04  -22  32.1683
4.04  -22  172.625
4.04  -22  932.693
4.04  -22  5100.27
4.04  -22  79.9696
4.06  -22  522.789
4.06  -22  18.5418
4.06  -22  97.5582
4.06  -22  32.3783
4.06  -22  173.705
4.06  -22  939.943
4.06  -22  5160.52
4.06  -22  83.1773
4.08  -22  526.449
4.08  -22  20.1645
4.08  -22  98.1233
4.08  -22  32.5874
4.08  -22  174.784
4.08  -22  947.204
4.08  -22  5221.06
4.08  -22  86.4121
4.1  -22  530.111
4.1  -22  21.7976
4.1  -22  98.6873
4.1  -22  32.7956
4.1  -22  175.862
4.1  -22  954.477
4.1  -22  5281.87
4.1  -22  89.674
4.12  -22  533.776
4.12  -22  23.4411
4.12  -22  99.2502
4.12  -22  33.0028
4.12  -22  176.938
4.12  -22  961.761
4.12  -22  5342.96
4.12  -22  92.9627
4.14  -22  537.441
4.14  -22  25.0949
4.14  -22  99.8119
4.14  -22  33.2091
4.14  -22  178.013
4.14  -22  969.055
4.14  -22  5404.32
4.14  -22  96.2782
4.16  -22  541.108
4.16  -22  26.7587
4.16  -22  100.372
4.16  -22  33.4143
4.16  -22  179.087
4.16  -22  976.361
4.16  -22  5465.95
4.16  -22  99.6203
4.18  -22  544.777
4.18  -22  28.4325
4.18  -22  100.932
4.18  -22  33.6185
4.18  -22  180.159
4.18  -22  983.676
4.18  -22  5527.85
4.18  -22  102.989
4.2  -22  548.446
4.2  -22  30.1162
4.2  -22  101.49
4.2  -22  33.8217
4.2  -22  181.229
4.2  -22  991.001
4.2  -22  5590.01
4.2  -22  106.384
4.22  -22  552.116
4.22  -22  31.8097
4.22  -22  102.046
4.22  -22  34.0239
4.22  -22  182.298
4.22  -22  998.336
4.22  -22  5652.44
4.22  -22  109.805
4.24  -22  555.787
4.24  -22  33.5129
4.24  -22  102.602
4.24  -22  34.2249
4.24  -22  183.366
4.24  -22  1005.68
4.24  -22  5715.12
4.24  -22  113.252
4.26  -22  559.459
4.26  -22  35.2255
4.26  -22  103.156
4.26  -22  34.4248
4.26  -22  184.431
4.26  -22  1013.03
4.26  -22  5778.06
4.26  -22  116.725
4.28  -22  563.131
4.28  -22  36.9477
4.28  -22  103.708
4.28  -22  34.6236
4.28  -22  185.495
4.28  -22  1020.39
4.28  -22  5841.26
4.28  -22  120.223
4.3  -22  566.803
4.3  -22  38.6791
4.3  -22  104.26
4.3  -22  34.8212
4.3  -22  186.557
4.3  -22  1027.76
4.3  -22  5904.7
4.3  -22  123.747
4.32  -22  570.475
4.32  -22  40.4197
4.32  -22  104.809
4.32  -22  35.0177
4.32  -22  187.617
4.32  -22  1035.14
4.32  -22  5968.39
4.32  -22  127.297
4.34  -22  574.147
4.34  -22  42.1694
4.34  -22  105.357
4.34  -22  35.2129
4.34  -22  188.675
4.34  -22  1042.52
4.34  -22  6032.33
4.34  -22  130.872
4.36  -22  577.819
4.36  -22  43.928
4.36  -22  105.904
4.36  -22  35.407
4.36  -22  189.731
4.36  -22  1049.91
4.36  -22  6096.51
4.36  -22  134.472
4.38  -22  581.49
4.38  -22  45.6955
4.38  -22  106.449
4.38  -22  35.5998
4.38  -22  190.785
4.38  -22  1057.31
4.38  -22  6160.92
4.38  -22  138.096
4.4  -22  585.16
4.4  -22  47.4718
4.4  -22  106.993
4.4  -22  35.7913
4.4  -22  191.836
4.4  -22  1064.71
4.4  -22  6225.58
4.4  -22  141.746
4.42  -22  588.83
4.42  -22  49.2566
4.42  -22  107.535
4.42  -22  35.9815
4.42  -22  192.886
4.42  -22  1072.12
4.42  -22  6290.46
4.42  -22  145.42
4.44  -22  592.498
4.44  -22  51.0499
4.44  -22  108.075
4.44  -22  36.1704
4.44  -22  193.933
4.44  -22  1079.54
4.44  -22  6355.58
4.44  -22  149.118
4.46  -22  596.166
4.46  -22  52.8516
4.46  -22  108.613
4.46  -22  36.358
4.46  -22  194.978
4.46  -22  1086.96
4.46  -22  6420.92
4.46  -22  152.84
4.48  -22  599.832
4.48  -22  54.6615
4.48  -22  109.15
4.48  -22  36.5443
4.48  -22  196.02
4.48  -22  1094.38
4.48  -22  6486.48
4.48  -22  156.587
4.5  -22  603.497
4.5  -22  56.4796
4.5  -22  109.685
4.5  -22  36.7291
4.5  -22  197.06
4.5  -22  1101.81
4.5  -22  6552.27
4.5  -22  160.357
4.52  -22  607.159
4.52  -22  58.3057
4.52  -22  110.218
4.52  -22  36.9126
4.52  -22  198.098
4.52  -22  1109.24
4.52  -22  6618.27
4.52  -22  164.151
4.54  -22  610.82
4.54  -22  60.1397
4.54  -22  110.75
4.54  -22  37.0947
4.54  -22  199.132
4.54  -22  1116.68
4.54  -22  6684.49
4.54  -22  167.968
4.56  -22  614.479
4.56  -22  61.9814
4.56  -22  111.279
4.56  -22  37.2753
4.56  -22  200.164
4.56  -22  1124.12
4.56  -22  6750.92
4.56  -22  171.809
4.58  -22  618.136
4.58  -22  63.8308
4.58  -22  111.807
4.58  -22  37.4545
4.58  -22  201.194
4.58  -22  1131.56
4.58  -22  6817.55
4.58  -22  175.673
4.6  -22  621.791
4.6  -22  65.6877
4.6  -22  112.333
4.6  -22  37.6321
4.6  -22  202.22
4.6  -22  1139.01
4.6  -22  6884.39
4.6  -22  179.559
4.62  -22  625.442
4.62  -22  67.552
4.62  -22  112.856
4.62  -22  37.8083
4.62  -22  203.244
4.62  -22  1146.46
4.62  -22  6951.43
4.62  -22  183.469
4.64  -22  629.091
4.64  -22  69.4237
4.64  -22  113.378
4.64  -22  37.983
4.64  -22  204.265
4.64  -22  1153.91
4.64  -22  7018.67
4.64  -22  187.4
4.66  -22  632.738
4.66  -22  71.3024
4.66  -22  113.898
4.66  -22  38.1561
4.66  -22  205.283
4.66  -22  1161.36
4.66  -22  7086.1
4.66  -22  191.354
4.68  -22  636.381
4.68  -22  73.1883
4.68  -22  114.416
4.68  -22  38.3277
4.68  -22  206.297
4.68  -22  1168.81
4.68  -22  7153.73
4.68  -22  195.331
4.7  -22  640.02
4.7  -22  75.081
4.7  -22  114.931
4.7  -22  38.4976
4.7  -22  207.309
4.7  -22  1176.26
4.7  -22  7221.54
4.7  -22  199.329
4.72  -22  643.657
4.72  -22  76.9806
4.72  -22  115.445
4.72  -22  38.666
4.72  -22  208.317
4.72  -22  1183.71
4.72  -22  7289.53
4.72  -22  203.348
4.74  -22  647.289
4.74  -22  78.8868
4.74  -22  115.956
4.74  -22  38.8328
4.74  -22  209.323
4.74  -22  1191.16
4.74  -22  7357.71
4.74  -22  207.389
4.76  -22  650.918
4.76  -22  80.7996
4.76  -22  116.465
4.76  -22  38.9979
4.76  -22  210.325
4.76  -22  1198.61
4.76  -22  7426.06
4.76  -22  211.452
4.78  -22  654.544
4.78  -22  82.7188
4.78  -22  116.972
4.78  -22  39.1613
4.78  -22  211.323
4.78  -22  1206.06
4.78  -22  7494.59
4.78  -22  215.535
4.8  -22  658.164
4.8  -22  84.6443
4.8  -22  117.477
4.8  -22  39.3231
4.8  -22  212.318
4.8  -22  1213.51
4.8  -22  7563.29
4.8  -22  219.64
4.82  -22  661.781
4.82  -22  86.576
4.82  -22  117.979
4.82  -22  39.4831
4.82  -22  213.31
4.82  -22  1220.96
4.82  -22  7632.16
4.82  -22  223.765
4.84  -22  665.393
4.84  -22  88.5138
4.84  -22  118.479
4.84  -22  39.6415
4.84  -22  214.298
4.84  -22  1228.41
4.84  -22  7701.19
4.84  -22  227.91
4.86  -22  669.001
4.86  -22  90.4575
4.86  -22  118.977
4.86  -22  39.7981
4.86  -22  215.283
4.86  -22  1235.85
4.86  -22  7770.38
4.86  -22  232.075
4.88  -22  672.603
4.88  -22  92.4071
4.88  -22  119.472
4.88  -22  39.9529
4.88  -22  216.264
4.88  -22  1243.29
4.88  -22  7839.72
4.88  -22  236.261
4.9  -22  676.201
4.9  -22  94.3623
4.9  -22  119.965
4.9  -22  40.106
4.9  -22  217.241
4.9  -22  1250.73
4.9  -22  7909.22
4.9  -22  240.466
4.92  -22  679.794
4.92  -22  96.3231
4.92  -22  120.455
4.92  -22  40.2573
4.92  -22  218.215
4.92  -22  1258.16
4.92  -22  7978.87
4.92  -22  244.691
4.94  -22  683.381
4.94  -22  98.2893
4.94  -22  120.943
4.94  -22  40.4068
4.94  -22  219.184
4.94  -22  1265.59
4.94  -22  8048.67
4.94  -22  248.935
4.96  -22  686.963
4.96  -22  100.261
4.96  -22  121.429
4.96  -22  40.5544
4.96  -22  220.15
4.96  -22  1273.01
4.96  -22  8118.6
4.96  -22  253.198
4.98  -22  690.539
4.98  -22  102.238
4.98  -22  121.912
4.98  -22  40.7002
4.98  -22  221.112
4.98  -22  1280.43
4.98  -22  8188.68
4.98  -22  257.48
5  -22  694.109
5  -22  104.22
5  -22  122.392
5  -22  40.8441
5  -22  222.069
5  -22  1287.85
5  -22  8258.89
5  -22  261.781
5.02  -22  697.673
5.02  -22  106.206
5.02  -22  122.87
5.02  -22  40.9861
5.02  -22  223.023
5.02  -22  1295.25
5.02  -22  8329.23
5.02  -22  266.1
5.04  -22  701.231
5.04  -22  108.198
5.04  -22  123.345
5.04  -22  41.1262
5.04  -22  223.973
5.04  -22  1302.66
5.04  -22  8399.7
5.04  -22  270.437
5.06  -22  704.783
5.06  -22  110.194
5.06  -22  123.818
5.06  -22  41.2644
5.06  -22  224.918
5.06  -22  1310.05
5.06  -22  8470.29
5.06  -22  274.791
5.08  -22  708.328
5.08  -22  112.195
5.08  -22  124.287
5.08  -22  41.4006
5.08  -22  225.859
5.08  -22  1317.44
5.08  -22  8541
5.08  -22  279.164
5.1  -22  711.867
5.1  -22  114.201
5.1  -22  124.755
5.1  -22  41.5349
5.1  -22  226.796
5.1  -22  1324.82
5.1  -22  8611.83
5.1  -22  283.554
5.12  -22  715.398
5.12  -22  116.21
5.12  -22  125.219
5.12  -22  41.6673
5.12  -22  227.728
5.12  -22  1332.2
5.12  -22  8682.77
5.12  -22  287.961
5.12  -22  11.3354
5.14  -22  718.923
5.14  -22  118.224
5.14  -22  125.68
5.14  -22  41.7976
5.14  -22  228.656
5.14  -22  1339.56
5.14  -22  8753.82
5.14  -22  292.385
5.14  -22  12.8677
5.16  -22  722.44
5.16  -22  120.242
5.16  -22  126.139
5.16  -22  41.9259
5.16  -22  229.58
5.16  -22  1346.92
5.16  -22  8824.98
5.16  -22  296.826
5.16  -22  14.4091
5.18  -22  725.95
5.18  -22  122.264
5.18  -22  126.595
5.18  -22  42.0522
5.18  -22  230.499
5.18  -22  1354.27
5.18  -22  8896.23
5.18  -22  301.283
5.18  -22  15.9596
5.2  -22  729.452
5.2  -22  124.29
5.2  -22  127.048
5.2  -22  42.1764
5.2  -22  231.413
5.2  -22  1361.61
5.2  -22  8967.59
5.2  -22  305.757
5.2  -22  17.519
5.22  -22  732.947
5.22  -22  126.319
5.22  -22  127.498
5.22  -22  42.2986
5.22  -22  232.323
5.22  -22  1368.94
5.22  -22  9039.03
5.22  -22  310.246
5.22  -22  19.0873
5.24  -22  736.434
5.24  -22  128.353
5.24  -22  127.945
5.24  -22  42.4188
5.24  -22  233.228
5.24  -22  1376.26
5.24  -22  9110.57
5.24  -22  314.751
5.24  -22  20.6644
5.26  -22  739.913
5.26  -22  130.389
5.26  -22  128.39
5.26  -22  42.5368
5.26  -22  234.128
5.26  -22  1383.57
5.26  -22  9182.19
5.26  -22  319.272
5.26  -22  22.2501
5.28  -22  743.383
5.28  -22  132.429
5.28  -22  128.831
5.28  -22  42.6527
5.28  -22  235.023
5.28  -22  1390.87
5.28  -22  9253.9
5.28  -22  323.808
5.28  -22  23.8444
5.3  -22  746.846
5.3  -22  134.472
5.3  -22  129.269
5.3  -22  42.7665
5.3  -22  235.914
5.3  -22  1398.16
5.3  -22  9325.68
5.3  -22  328.358
5.3  -22  25.4472
5.32  -22  750.299
5.32  -22  136.518
5.32  -22  129.704
5.32  -22  42.8782
5.32  -22  236.799
5.32  -22  1405.43
5.32  -22  9397.54
5.32  -22  332.924
5.32  -22  27.0584
5.34  -22  753.744
5.34  -22  138.568
5.34  -22  130.136
5.34  -22  42.9877
5.34  -22  237.68
5.34  -22  1412.7
5.34  -22  9469.47
5.34  -22  337.503
5.34  -22  28.6779
5.36  -22  757.18
5.36  -22  140.62
5.36  -22  130.565
5.36  -22  43.095
5.36  -22  238.555
5.36  -22  1419.95
5.36  -22  9541.46
5.36  -22  342.097
5.36  -22  30.3055
5.38  -22  760.608
5.38  -22  142.675
5.38  -22  130.991
5.38  -22  43.2002
5.38  -22  239.426
5.38  -22  1427.19
5.38  -22  9613.52
5.38  -22  346.705
5.38  -22  31.9413
5.4  -22  764.025
5.4  -22  144.732
5.4  -22  131.414
5.4  -22  43.3032
5.4  -22  240.291
5.4  -22  1434.41
5.4  -22  9685.63
5.4  -22  351.326
5.4  -22  33.5851
5.42  -22  767.434
5.42  -22  146.792
5.42  -22  131.833
5.42  -22  43.4039
5.42  -22  241.151
5.42  -22  1441.62
5.42  -22  9757.8
5.42  -22  355.961
5.42  -22  35.2367
5.44  -22  770.833
5.44  -22  148.854
5.44  -22  132.25
5.44  -22  43.5025
5.44  -22  242.006
5.44  -22  1448.82
5.44  -22  9830.02
5.44  -22  360.609
5.44  -22  36.8962
5.46  -22  774.222
5.46  -22  150.919
5.46  -22  132.663
5.46  -22  43.5988
5.46  -22  242.855
5.46  -22  1456.01
5.46  -22  9902.29
5.46  -22  365.27
5.46  -22  38.5633
5.48  -22  777.602
5.48  -22  152.985
5.48  -22  133.072
5.48  -22  43.6928
5.48  -22  243.699
5.48  -22  1463.17
5.48  -22  9974.6
5.48  -22  369.943
5.48  -22  40.2381
5.5  -22  780.971
5.5  -22  155.054
5.5  -22  133.479
5.5  -22  43.7846
5.5  -22  244.538
5.5  -22  1470.33
5.5  -22  10046.9
5.5  -22  374.629
5.5  -22  41.9203
5.52  -22  784.33
5.52  -22  157.124
5.52  -22  133.882
5.52  -22  43.8741
5.52  -22  245.371
5.52  -22  1477.47
5.52  -22  10119.3
5.52  -22  379.326
5.52  -22  43.6099
5.54  -22  787.679
5.54  -22  159.197
5.54  -22  134.282
5.54  -22  43.9613
5.54  -22  246.199
5.54  -22  1484.59
5.54  -22  10191.7
5.54  -22  384.036
5.54  -22  45.3069
5.56  -22  791.017
5.56  -22  161.27
5.56  -22  134.678
5.56  -22  44.0462
5.56  -22  247.021
5.56  -22  1491.69
5.56  -22  10264.2
5.56  -22  388.757
5.56  -22  47.011
5.58  -22  794.345
5.58  -22  163.346
5.58  -22  135.071
5.58  -22  44.1287
5.58  -22  247.837
5.58  -22  1498.78
5.58  -22  10336.6
5.58  -22  393.489
5.58  -22  48.7221
5.6  -22  797.662
5.6  -22  165.423
5.6  -22  135.46
5.6  -22  10.2009
5.6  -22  44.209
5.6  -22  248.648
5.6  -22  1505.86
5.6  -22  10409.1
5.6  -22  398.232
5.6  -22  50.4403
5.62  -22  800.968
5.62  -22  167.501
5.62  -22  135.846
5.62  -22  11.3066
5.62  -22  44.2869
5.62  -22  249.453
5.62  -22  1512.91
5.62  -22  10481.6
5.62  -22  402.986
5.62  -22  52.1653
5.64  -22  804.263
5.64  -22  169.58
5.64  -22  136.229
5.64  -22  12.4158
5.64  -22  44.3624
5.64  -22  250.252
5.64  -22  1519.95
5.64  -22  10554.1
5.64  -22  407.75
5.64  -22  53.8971
5.66  -22  807.546
5.66  -22  171.66
5.66  -22  136.608
5.66  -22  13.5286
5.66  -22  44.4356
5.66  -22  251.046
5.66  -22  1526.96
5.66  -22  10626.7
5.66  -22  412.524
5.66  -22  55.6356
5.68  -22  810.818
5.68  -22  173.741
5.68  -22  136.983
5.68  -22  14.6448
5.68  -22  44.5064
5.68  -22  251.833
5.68  -22  1533.96
5.68  -22  10699.2
5.68  -22  417.308
5.68  -22  57.3806
5.7  -22  814.079
5.7  -22  175.823
5.7  -22  137.355
5.7  -22  15.7645
5.7  -22  44.5748
5.7  -22  252.615
5.7  -22  1540.94
5.7  -22  10771.7
5.7  -22  422.102
5.7  -22  59.132
5.72  -22  817.327
5.72  -22  177.906
5.72  -22  137.723
5.72  -22  16.8875
5.72  -22  44.6408
5.72  -22  253.39
5.72  -22  1547.91
5.72  -22  10844.2
5.72  -22  426.905
5.72  -22  60.8898
5.74  -22  820.564
5.74  -22  179.989
5.74  -22  138.088
5.74  -22  18.0138
5.74  -22  44.7044
5.74  -22  254.16
5.74  -22  1554.85
5.74  -22  10916.7
5.74  -22  431.717
5.74  -22  62.6538
5.76  -22  823.789
5.76  -22  182.073
5.76  -22  138.449
5.76  -22  19.1434
5.76  -22  44.7656
5.76  -22  254.923
5.76  -22  1561.77
5.76  -22  10989.2
5.76  -22  436.537
5.76  -22  64.424
5.78  -22  827.001
5.78  -22  184.157
5.78  -22  138.806
5.78  -22  20.2761
5.78  -22  44.8243
5.78  -22  255.681
5.78  -22  1568.67
5.78  -22  11061.6
5.78  -22  441.366
5.78  -22  66.2001
5.8  -22  830.202
5.8  -22  186.241
5.8  -22  139.16
5.8  -22  21.4119
5.8  -22  44.8806
5.8  -22  256.432
5.8  -22  1575.55
5.8  -22  11134.1
5.8  -22  446.204
5.8  -22  67.9822
5.82  -22  833.389
5.82  -22  188.325
5.82  -22  139.51
5.82  -22  22.5508
5.82  -22  44.9344
5.82  -22  257.177
5.82  -22  1582.4
5.82  -22  11206.5
5.82  -22  451.049
5.82  -22  69.77
5.84  -22  836.564
5.84  -22  190.409
5.84  -22  139.856
5.84  -22  23.6927
5.84  -22  44.9857
5.84  -22  257.915
5.84  -22  1589.24
5.84  -22  11278.9
5.84  -22  455.902
5.84  -22  71.5635
5.86  -22  839.726
5.86  -22  192.493
5.86  -22  140.198
5.86  -22  24.8375
5.86  -22  45.0346
5.86  -22  258.648
5.86  -22  1596.05
5.86  -22  11351.3
5.86  -22  460.762
5.86  -22  73.3626
5.88  -22  842.875
5.88  -22  194.577
5.88  -22  140.537
5.88  -22  25.9852
5.88  -22  45.081
5.88  -22  259.374
5.88  -22  1602.84
5.88  -22  11423.6
5.88  -22  465.629
5.88  -22  75.1671
5.9  -22  846.011
5.9  -22  196.66
5.9  -22  140.871
5.9  -22  27.1358
5.9  -22  45.1249
5.9  -22  260.093
5.9  -22  1609.61
5.9  -22  11495.9
5.9  -22  470.502
5.9  -22  76.977
5.92  -22  849.134
5.92  -22  198.743
5.92  -22  141.202
5.92  -22  28.2891
5.92  -22  45.1663
5.92  -22  260.806
5.92  -22  1616.36
5.92  -22  11568.1
5.92  -22  475.383
5.92  -22  78.7921
5.94  -22  852.243
5.94  -22  200.825
5.94  -22  141.529
5.94  -22  29.4451
5.94  -22  45.2052
5.94  -22  261.513
5.94  -22  1623.08
5.94  -22  11640.3
5.94  -22  480.269
5.94  -22  80.6123
5.96  -22  855.339
5.96  -22  202.907
5.96  -22  141.852
5.96  -22  30.6038
5.96  -22  45.2416
5.96  -22  262.213
5.96  -22  1629.78
5.96  -22  11712.4
5.96  -22  485.161
5.96  -22  82.4376
5.98  -22  858.421
5.98  -22  204.988
5.98  -22  142.171
5.98  -22  31.765
5.98  -22  45.2754
5.98  -22  262.907
5.98  -22  1636.45
5.98  -22  11784.5
5.98  -22  490.059
5.98  -22  84.2677
6  -22  861.489
6  -22  207.067
6  -22  142.486
6  -22  32.9288
6  -22  45.3067
6  -22  263.593
6  -22  1643.1
6  -22  11856.5
6  -22  494.962
6  -22  86.1026
6.02  -22  864.543
6.02  -22  209.146
6.02  -22  142.798
6.02  -22  34.0951
6.02  -22  45.3354
6.02  -22  264.274
6.02  -22  1649.72
6.02  -22  11928.4
6.02  -22  499.87
6.02  -22  87.9422
6.04  -22  867.583
6.04  -22  211.224
6.04  -22  143.105
6.04  -22  35.2638
6.04  -22  45.3616
6.04  -22  264.947
6.04  -22  1656.32
6.04  -22  12000.3
6.04  -22  504.783
6.04  -22  89.7863
6.06  -22  870.608
6.06  -22  213.3
6.06  -22  143.408
6.06  -22  36.4348
6.06  -22  45.3853
6.06  -22  265.614
6.06  -22  1662.89
6.06  -22  12072.1
6.06  -22  509.701
6.06  -22  91.6348
6.08  -22  873.619
6.08  -22  215.375
6.08  -22  143.707
6.08  -22  37.6082
6.08  -22  45.4063
6.08  -22  266.274
6.08  -22  1669.43
6.08  -22  12143.8
6.08  -22  514.622
6.08  -22  93.4877
6.1  -22  876.616
6.1  -22  217.448
6.1  -22  144.002
6.1  -22  38.7838
6.1  -22  45.4248
6.1  -22  266.927
6.1  -22  1675.95
6.1  -22  12215.4
6.1  -22  519.547
6.1  -22  95.3448
6.12  -22  879.598
6.12  -22  219.519
6.12  -22  144.293
6.12  -22  39.9616
6.12  -22  45.4407
6.12  -22  267.573
6.12  -22  1682.44
6.12  -22  12287
6.12  -22  524.476
6.12  -22  97.2059
6.14  -22  882.565
6.14  -22  221.589
6.14  -22  144.58
6.14  -22  41.1415
6.14  -22  45.4541
6.14  -22  268.212
6.14  -22  1688.91
6.14  -22  12358.4
6.14  -22  529.408
6.14  -22  99.0711
6.16  -22  885.517
6.16  -22  223.657
6.16  -22  144.863
6.16  -22  42.3235
6.16  -22  45.4648
6.16  -22  268.844
6.16  -22  1695.34
6.16  -22  12429.8
6.16  -22  534.343
6.16  -22  100.94
6.18  -22  888.454
6.18  -22  225.723
6.18  -22  145.141
6.18  -22  43.5075
6.18  -22  45.4729
6.18  -22  269.47
6.18  -22  1701.75
6.18  -22  12501
6.18  -22  539.281
6.18  -22  102.813
6.2  -22  891.375
6.2  -22  227.787
6.2  -22  145.416
6.2  -22  44.6934
6.2  -22  45.4784
6.2  -22  270.088
6.2  -22  1708.13
6.2  -22  12572.2
6.2  -22  544.221
6.2  -22  104.689
6.22  -22  894.281
6.22  -22  229.849
6.22  -22  145.686
6.22  -22  45.8813
6.22  -22  45.4813
6.22  -22  270.699
6.22  -22  1714.48
6.22  -22  12643.3
6.22  -22  549.163
6.22  -22  106.569
6.22  -22  10.4735
6.24  -22  897.172
6.24  -22  231.909
6.24  -22  145.952
6.24  -22  47.071
6.24  -22  45.4816
6.24  -22  271.303
6.24  -22  1720.8
6.24  -22  12714.2
6.24  -22  554.107
6.24  -22  108.452
6.24  -22  11.5393
6.26  -22  900.047
6.26  -22  233.966
6.26  -22  146.214
6.26  -22  48.2625
6.26  -22  45.4792
6.26  -22  271.9
6.26  -22  1727.1
6.26  -22  12785
6.26  -22  559.052
6.26  -22  110.339
6.26  -22  12.6083
6.28  -22  902.906
6.28  -22  236.02
6.28  -22  146.471
6.28  -22  49.4557
6.28  -22  45.4743
6.28  -22  272.49
6.28  -22  1733.36
6.28  -22  12855.7
6.28  -22  563.999
6.28  -22  112.228
6.28  -22  13.6802
6.3  -22  905.749
6.3  -22  238.072
6.3  -22  146.725
6.3  -22  50.6506
6.3  -22  45.4667
6.3  -22  273.073
6.3  -22  1739.59
6.3  -22  12926.3
6.3  -22  568.946
6.3  -22  114.121
6.3  -22  14.7551
6.32  -22  908.576
6.32  -22  240.121
6.32  -22  146.974
6.32  -22  51.8471
6.32  -22  45.4564
6.32  -22  273.648
6.32  -22  1745.79
6.32  -22  12996.8
6.32  -22  573.894
6.32  -22  116.017
6.32  -22  15.8329
6.34  -22  911.387
6.34  -22  242.168
6.34  -22  147.218
6.34  -22  53.0452
6.34  -22  45.4436
6.34  -22  274.216
6.34  -22  1751.96
6.34  -22  13067.1
6.34  -22  578.843
6.34  -22  117.915
6.34  -22  16.9135
6.36  -22  914.182
6.36  -22  244.211
6.36  -22  147.458
6.36  -22  54.2448
6.36  -22  45.428
6.36  -22  274.777
6.36  -22  1758.1
6.36  -22  13137.3
6.36  -22  583.791
6.36  -22  119.816
6.36  -22  17.9968
6.38  -22  916.96
6.38  -22  246.252
6.38  -22  147.694
6.38  -22  55.4458
6.38  -22  45.4099
6.38  -22  275.33
6.38  -22  1764.21
6.38  -22  13207.3
6.38  -22  588.74
6.38  -22  121.72
6.38  -22  19.0828
6.4  -22  919.721
6.4  -22  248.289
6.4  -22  147.926
6.4  -22  56.6482
6.4  -22  45.389
6.4  -22  275.876
6.4  -22  1770.29
6.4  -22  13277.2
6.4  -22  593.687
6.4  -22  123.626
6.4  -22  20.1714
6.42  -22  922.466
6.42  -22  250.323
6.42  -22  148.153
6.42  -22  57.8519
6.42  -22  45.3655
6.42  -22  276.414
6.42  -22  1776.33
6.42  -22  13347
6.42  -22  598.634
6.42  -22  125.535
6.42  -22  21.2625
6.44  -22  925.194
6.44  -22  252.354
6.44  -22  148.376
6.44  -22  59.057
6.44  -22  45.3394
6.44  -22  276.945
6.44  -22  1782.34
6.44  -22  13416.6
6.44  -22  603.58
6.44  -22  127.445
6.44  -22  22.3561
6.46  -22  927.904
6.46  -22  254.381
6.46  -22  148.594
6.46  -22  60.2632
6.46  -22  45.3106
6.46  -22  277.469
6.46  -22  1788.32
6.46  -22  13486
6.46  -22  608.524
6.46  -22  129.358
6.46  -22  23.452
6.48  -22  930.598
6.48  -22  256.405
6.48  -22  148.808
6.48  -22  61.4707
6.48  -22  45.2791
6.48  -22  277.985
6.48  -22  1794.27
6.48  -22  13555.3
6.48  -22  613.466
6.48  -22  131.273
6.48  -22  24.5503
6.5  -22  933.275
6.5  -22  258.425
6.5  -22  149.018
6.5  -22  62.6792
6.5  -22  45.245
6.5  -22  278.493
6.5  -22  1800.18
6.5  -22  13624.5
6.5  -22  618.407
6.5  -22  133.189
6.5  -22  25.6508
6.52  -22  935.934
6.52  -22  260.441
6.52  -22  149.222
6.52  -22  63.8888
6.52  -22  45.2082
6.52  -22  278.994
6.52  -22  1806.05
6.52  -22  13693.4
6.52  -22  623.345
6.52  -22  135.108
6.52  -22  26.7534
6.54  -22  938.576
6.54  -22  262.453
6.54  -22  149.423
6.54  -22  65.0994
6.54  -22  45.1687
6.54  -22  279.488
6.54  -22  1811.9
6.54  -22  13762.2
6.54  -22  628.28
6.54  -22  137.027
6.54  -22  27.8582
6.56  -22  941.2
6.56  -22  264.462
6.56  -22  149.619
6.56  -22  66.311
6.56  -22  45.1266
6.56  -22  279.973
6.56  -22  1817.71
6.56  -22  13830.8
6.56  -22  633.213
6.56  -22  138.949
6.56  -22  28.965
6.58  -22  943.806
6.58  -22  266.466
6.58  -22  149.81
6.58  -22  67.5234
6.58  -22  45.0818
6.58  -22  280.451
6.58  -22  1823.48
6.58  -22  13899.3
6.58  -22  638.143
6.58  -22  140.872
6.58  -22  30.0737
6.6  -22  946.395
6.6  -22  268.466
6.6  -22  149.997
6.6  -22  68.7367
6.6  -22  45.0343
6.6  -22  280.922
6.6  -22  1829.22
6.6  -22  13967.5
6.6  -22  643.068
6.6  -22  142.796
6.6  -22  31.1843
6.62  -22  948.965
6.62  -22  270.462
6.62  -22  150.179
6.62  -22  69.9507
6.62  -22  44.9841
6.62  -22  281.384
6.62  -22  1834.92
6.62  -22  14035.6
6.62  -22  647.991
6.62  -22  144.721
6.62  -22  32.2967
6.64  -22  951.518
6.64  -22  272.453
6.64  -22  150.357
6.64  -22  71.1655
6.64  -22  44.9313
6.64  -22  281.839
6.64  -22  1840.59
6.64  -22  14103.5
6.64  -22  652.909
6.64  -22  146.647
6.64  -22  33.4109
6.66  -22  954.052
6.66  -22  274.44
6.66  -22  150.53
6.66  -22  72.381
6.66  -22  44.8758
6.66  -22  282.286
6.66  -22  1846.22
6.66  -22  14171.2
6.66  -22  657.822
6.66  -22  148.574
6.66  -22  34.5267
6.68  -22  956.569
6.68  -22  276.423
6.68  -22  150.698
6.68  -22  73.5971
6.68  -22  44.8176
6.68  -22  282.725
6.68  -22  1851.82
6.68  -22  14238.6
6.68  -22  662.731
6.68  -22  150.502
6.68  -22  35.6441
6.7  -22  959.066
6.7  -22  278.401
6.7  -22  150.862
6.7  -22  74.8137
6.7  -22  44.7568
6.7  -22  283.157
6.7  -22  1857.37
6.7  -22  14305.9
6.7  -22  667.636
6.7  -22  152.43
6.7  -22  36.763
6.72  -22  961.545
6.72  -22  280.374
6.72  -22  151.021
6.72  -22  76.0309
6.72  -22  44.6932
6.72  -22  283.58
6.72  -22  1862.9
6.72  -22  14373
6.72  -22  672.534
6.72  -22  154.359
6.72  -22  37.8834
6.74  -22  964.006
6.74  -22  282.342
6.74  -22  151.176
6.74  -22  77.2485
6.74  -22  44.627
6.74  -22  283.996
6.74  -22  1868.38
6.74  -22  14439.9
6.74  -22  677.428
6.74  -22  156.289
6.74  -22  39.0051
6.76  -22  966.448
6.76  -22  284.306
6.76  -22  151.326
6.76  -22  78.4665
6.76  -22  44.5582
6.76  -22  284.404
6.76  -22  1873.83
6.76  -22  14506.5
6.76  -22  682.315
6.76  -22  158.219
6.76  -22  40.1281
6.78  -22  968.871
6.78  -22  286.264
6.78  -22  151.471
6.78  -22  79.6849
6.78  -22  44.4866
6.78  -22  284.803
6.78  -22  1879.23
6.78  -22  14573
6.78  -22  687.197
6.78  -22  160.149
6.78  -22  41.2524
6.8  -22  971.275
6.8  -22  288.217
6.8  -22  151.611
6.8  -22  80.9036
6.8  -22  44.4124
6.8  -22  285.195
6.8  -22  1884.6
6.8  -22  14639.2
6.8  -22  692.072
6.8  -22  162.079
6.8  -22  42.3779
6.82  -22  973.66
6.82  -22  290.165
6.82  -22  151.747
6.82  -22  82.1225
6.82  -22  44.3355
6.82  -22  285.579
6.82  -22  1889.94
6.82  -22  14705.2
6.82  -22  696.94
6.82  -22  164.009
6.82  -22  43.5044
6.84  -22  976.025
6.84  -22  292.108
6.84  -22  151.878
6.84  -22  83.3416
6.84  -22  44.256
6.84  -22  285.955
6.84  -22  1895.23
6.84  -22  14771
6.84  -22  701.802
6.84  -22  165.938
6.84  -22  44.6319
6.86  -22  978.372
6.86  -22  294.045
6.86  -22  152.004
6.86  -22  84.5609
6.86  -22  44.1738
6.86  -22  286.323
6.86  -22  1900.48
6.86  -22  14836.5
6.86  -22  706.656
6.86  -22  167.868
6.86  -22  45.7604
6.88  -22  980.699
6.88  -22  295.976
6.88  -22  152.125
6.88  -22  85.7802
6.88  -22  44.0889
6.88  -22  286.683
6.88  -22  1905.7
6.88  -22  14901.8
6.88  -22  711.503
6.88  -22  169.797
6.88  -22  46.8897
6.9  -22  983.007
6.9  -22  297.903
6.9  -22  152.242
6.9  -22  86.9995
6.9  -22  44.0014
6.9  -22  287.035
6.9  -22  1910.87
6.9  -22  14966.9
6.9  -22  716.342
6.9  -22  171.725
6.9  -22  48.0199
6.92  -22  985.295
6.92  -22  299.823
6.92  -22  152.354
6.92  -22  88.2189
6.92  -22  43.9112
6.92  -22  287.379
6.92  -22  1916.01
6.92  -22  15031.7
6.92  -22  721.172
6.92  -22  173.653
6.92  -22  49.1507
6.94  -22  987.563
6.94  -22  301.738
6.94  -22  152.461
6.94  -22  89.4382
6.94  -22  43.8184
6.94  -22  287.715
6.94  -22  1921.1
6.94  -22  15096.3
6.94  -22  725.995
6.94  -22  175.581
6.94  -22  50.2823
6.96  -22  989.812
6.96  -22  303.647
6.96  -22  152.563
6.96  -22  90.6573
6.96  -22  43.7229
6.96  -22  288.042
6.96  -22  1926.16
6.96  -22  15160.6
6.96  -22  730.808
6.96  -22  177.507
6.96  -22  51.4144
6.98  -22  992.041
6.98  -22  305.55
6.98  -22  152.66
6.98  -22  91.8763
6.98  -22  43.6248
6.98  -22  288.362
6.98  -22  1931.17
6.98  -22  15224.7
6.98  -22  735.613
6.98  -22  179.432
6.98  -22  52.547
7  -22  994.249
7  -22  307.447
7  -22  152.753
7  -22  93.095
7  -22  43.524
7  -22  288.673
7  -22  1936.14
7  -22  15288.5
7  -22  740.409
7  -22  181.356
7  -22  53.68
7.02  -22  996.438
7.02  -22  309.337
7.02  -22  152.841
7.02  -22  94.3135
7.02  -22  43.4206
7.02  -22  288.977
7.02  -22  1941.07
7.02  -22  15352
7.02  -22  745.195
7.02  -22  183.279
7.02  -22  54.8134
7.04  -22  998.607
7.04  -22  311.222
7.04  -22  152.924
7.04  -22  95.5316
7.04  -22  43.3146
7.04  -22  289.272
7.04  -22  1945.96
7.04  -22  15415.3
7.04  -22  749.971
7.04  -22  185.201
7.04  -22  55.9471
7.06  -22  1000.75
7.06  -22  313.1
7.06  -22  153.002
7.06  -22  96.7493
7.06  -22  43.2059
7.06  -22  289.559
7.06  -22  1950.81
7.06  -22  15478.4
7.06  -22  754.738
7.06  -22  187.121
7.06  -22  57.0811
7.08  -22  1002.88
7.08  -22  314.972
7.08  -22  153.075
7.08  -22  97.9666
7.08  -22  43.0947
7.08  -22  289.837
7.08  -22  1955.62
7.08  -22  15541.1
7.08  -22  759.493
7.08  -22  189.039
7.08  -22  58.2151
7.08  -22  10.0641
7.1  -22  1004.99
7.1  -22  316.838
7.1  -22  153.143
7.1  -22  99.1835
7.1  -22  42.9808
7.1  -22  290.108
7.1  -22  1960.38
7.1  -22  15603.6
7.1  -22  764.239
7.1  -22  190.956
7.1  -22  59.3493
7.1  -22  10.8534
7.12  -22  1007.08
7.12  -22  318.697
7.12  -22  153.206
7.12  -22  100.4
7.12  -22  42.8643
7.12  -22  290.37
7.12  -22  1965.1
7.12  -22  15665.8
7.12  -22  768.973
7.12  -22  192.871
7.12  -22  60.4835
7.12  -22  11.6434
7.14  -22  1009.14
7.14  -22  320.549
7.14  -22  153.264
7.14  -22  101.615
7.14  -22  42.7451
7.14  -22  290.624
7.14  -22  1969.78
7.14  -22  15727.7
7.14  -22  773.697
7.14  -22  194.784
7.14  -22  61.6176
7.14  -22  12.4339
7.16  -22  1011.19
7.16  -22  322.395
7.16  -22  153.318
7.16  -22  102.831
7.16  -22  42.6234
7.16  -22  290.87
7.16  -22  1974.42
7.16  -22  15789.4
7.16  -22  778.408
7.16  -22  196.695
7.16  -22  62.7515
7.16  -22  13.2248
7.18  -22  1013.21
7.18  -22  324.234
7.18  -22  153.366
7.18  -22  104.045
7.18  -22  42.4991
7.18  -22  291.108
7.18  -22  1979.01
7.18  -22  15850.7
7.18  -22  783.109
7.18  -22  198.604
7.18  -22  63.8853
7.18  -22  14.0162
7.2  -22  1015.22
7.2  -22  326.066
7.2  -22  153.41
7.2  -22  105.259
7.2  -22  42.3722
7.2  -22  291.337
7.2  -22  1983.56
7.2  -22  15911.8
7.2  -22  787.797
7.2  -22  200.51
7.2  -22  65.0188
7.2  -22  14.808
7.22  -22  1017.2
7.22  -22  327.891
7.22  -22  153.449
7.22  -22  106.471
7.22  -22  42.2428
7.22  -22  291.558
7.22  -22  1988.07
7.22  -22  15972.5
7.22  -22  792.473
7.22  -22  202.414
7.22  -22  66.1519
7.22  -22  15.6001
7.24  -22  1019.16
7.24  -22  329.709
7.24  -22  153.482
7.24  -22  107.683
7.24  -22  42.1107
7.24  -22  291.771
7.24  -22  1992.53
7.24  -22  16033
7.24  -22  797.136
7.24  -22  204.316
7.24  -22  67.2847
7.24  -22  16.3925
7.26  -22  1021.1
7.26  -22  331.52
7.26  -22  153.511
7.26  -22  108.894
7.26  -22  41.9761
7.26  -22  291.975
7.26  -22  1996.94
7.26  -22  16093.2
7.26  -22  801.787
7.26  -22  206.215
7.26  -22  68.4169
7.26  -22  17.1851
7.28  -22  1023.02
7.28  -22  333.324
7.28  -22  153.535
7.28  -22  110.105
7.28  -22  41.8389
7.28  -22  292.172
7.28  -22  2001.32
7.28  -22  16153
7.28  -22  806.425
7.28  -22  208.111
7.28  -22  69.5486
7.28  -22  17.9778
7.3  -22  1024.92
7.3  -22  335.12
7.3  -22  153.553
7.3  -22  111.314
7.3  -22  41.6992
7.3  -22  292.359
7.3  -22  2005.65
7.3  -22  16212.6
7.3  -22  811.049
7.3  -22  210.005
7.3  -22  70.6796
7.3  -22  18.7707
7.32  -22  1026.8
7.32  -22  336.91
7.32  -22  153.567
7.32  -22  112.522
7.32  -22  41.5569
7.32  -22  292.539
7.32  -22  2009.93
7.32  -22  16271.8
7.32  -22  815.66
7.32  -22  211.895
7.32  -22  71.81
7.32  -22  19.5637
7.34  -22  1028.66
7.34  -22  338.692
7.34  -22  153.576
7.34  -22  113.729
7.34  -22  41.4121
7.34  -22  292.71
7.34  -22  2014.17
7.34  -22  16330.8
7.34  -22  820.257
7.34  -22  213.783
7.34  -22  72.9396
7.34  -22  20.3567
7.36  -22  1030.49
7.36  -22  340.466
7.36  -22  153.58
7.36  -22  114.935
7.36  -22  41.2648
7.36  -22  292.873
7.36  -22  2018.36
7.36  -22  16389.4
7.36  -22  824.84
7.36  -22  215.667
7.36  -22  74.0683
7.36  -22  21.1496
7.38  -22  1032.3
7.38  -22  342.233
7.38  -22  153.578
7.38  -22  116.14
7.38  -22  41.115
7.38  -22  293.028
7.38  -22  2022.51
7.38  -22  16447.7
7.38  -22  829.409
7.38  -22  217.548
7.38  -22  75.1962
7.38  -22  21.9425
7.4  -22  1034.09
7.4  -22  343.992
7.4  -22  153.572
7.4  -22  117.343
7.4  -22  40.9626
7.4  -22  293.174
7.4  -22  2026.62
7.4  -22  16505.6
7.4  -22  833.963
7.4  -22  219.426
7.4  -22  76.323
7.4  -22  22.7353
7.42  -22  1035.86
7.42  -22  345.744
7.42  -22  153.561
7.42  -22  118.546
7.42  -22  40.8077
7.42  -22  293.312
7.42  -22  2030.67
7.42  -22  16563.3
7.42  -22  838.502
7.42  -22  221.3
7.42  -22  77.4488
7.42  -22  23.5278
7.44  -22  1037.61
7.44  -22  347.487
7.44  -22  153.544
7.44  -22  119.746
7.44  -22  40.6504
7.44  -22  293.442
7.44  -22  2034.68
7.44  -22  16620.6
7.44  -22  843.026
7.44  -22  223.17
7.44  -22  78.5735
7.44  -22  24.3201
7.46  -22  1039.34
7.46  -22  349.223
7.46  -22  153.523
7.46  -22  120.946
7.46  -22  40.4906
7.46  -22  293.563
7.46  -22  2038.65
7.46  -22  16677.6
7.46  -22  847.535
7.46  -22  225.037
7.46  -22  79.6971
7.46  -22  25.1122
7.48  -22  1041.04
7.48  -22  350.951
7.48  -22  153.496
7.48  -22  122.144
7.48  -22  40.3282
7.48  -22  293.676
7.48  -22  2042.57
7.48  -22  16734.2
7.48  -22  852.028
7.48  -22  226.899
7.48  -22  80.8194
7.48  -22  25.9039
7.5  -22  1042.72
7.5  -22  352.672
7.5  -22  153.465
7.5  -22  123.341
7.5  -22  40.1635
7.5  -22  293.781
7.5  -22  2046.44
7.5  -22  16790.5
7.5  -22  856.506
7.5  -22  228.758
7.5  -22  81.9403
7.5  -22  26.6953
7.52  -22  1044.38
7.52  -22  354.384
7.52  -22  153.428
7.52  -22  124.536
7.52  -22  39.9963
7.52  -22  293.877
7.52  -22  2050.27
7.52  -22  16846.5
7.52  -22  860.967
7.52  -22  230.613
7.52  -22  83.0599
7.52  -22  27.4862
7.54  -22  1046.02
7.54  -22  356.088
7.54  -22  153.387
7.54  -22  125.729
7.54  -22  39.8266
7.54  -22  293.965
7.54  -22  2054.04
7.54  -22  16902.1
7.54  -22  865.412
7.54  -22  232.464
7.54  -22  84.178
7.54  -22  28.2766
7.56  -22  1047.63
7.56  -22  357.783
7.56  -22  153.34
7.56  -22  126.921
7.56  -22  39.6545
7.56  -22  294.045
7.56  -22  2057.78
7.56  -22  16957.4
7.56  -22  869.84
7.56  -22  234.31
7.56  -22  85.2946
7.56  -22  29.0665
7.58  -22  1049.23
7.58  -22  359.471
7.58  -22  153.288
7.58  -22  128.112
7.58  -22  39.48
7.58  -22  294.116
7.58  -22  2061.46
7.58  -22  17012.3
7.58  -22  874.251
7.58  -22  236.152
7.58  -22  86.4096
7.58  -22  29.8559
7.6  -22  1050.8
7.6  -22  361.15
7.6  -22  153.232
7.6  -22  129.3
7.6  -22  39.303
7.6  -22  294.179
7.6  -22  2065.1
7.6  -22  17066.9
7.6  -22  878.646
7.6  -22  237.99
7.6  -22  87.523
7.6  -22  30.6446
7.62  -22  1052.34
7.62  -22  362.821
7.62  -22  153.17
7.62  -22  130.487
7.62  -22  39.1237
7.62  -22  294.234
7.62  -22  2068.69
7.62  -22  17121.1
7.62  -22  883.023
7.62  -22  239.823
7.62  -22  88.6346
7.62  -22  31.4326
7.64  -22  1053.87
7.64  -22  364.483
7.64  -22  153.103
7.64  -22  131.672
7.64  -22  38.942
7.64  -22  294.28
7.64  -22  2072.23
7.64  -22  17175
7.64  -22  887.382
7.64  -22  241.651
7.64  -22  89.7444
7.64  -22  32.2199
7.66  -22  1055.37
7.66  -22  366.137
7.66  -22  153.031
7.66  -22  132.855
7.66  -22  38.7579
7.66  -22  294.319
7.66  -22  2075.72
7.66  -22  17228.5
7.66  -22  891.724
7.66  -22  243.474
7.66  -22  90.8524
7.66  -22  33.0064
7.68  -22  1056.86
7.68  -22  367.783
7.68  -22  152.953
7.68  -22  134.036
7.68  -22  38.5714
7.68  -22  294.348
7.68  -22  2079.17
7.68  -22  17281.7
7.68  -22  896.048
7.68  -22  245.293
7.68  -22  91.9585
7.68  -22  33.7922
7.7  -22  1058.31
7.7  -22  369.419
7.7  -22  152.871
7.7  -22  135.216
7.7  -22  38.3826
7.7  -22  294.37
7.7  -22  2082.57
7.7  -22  17334.4
7.7  -22  900.353
7.7  -22  247.106
7.7  -22  93.0626
7.7  -22  34.577
7.72  -22  1059.75
7.72  -22  371.048
7.72  -22  152.784
7.72  -22  136.393
7.72  -22  38.1915
7.72  -22  294.383
7.72  -22  2085.92
7.72  -22  17386.8
7.72  -22  904.64
7.72  -22  248.915
7.72  -22  94.1646
7.72  -22  35.3609
7.74  -22  1061.16
7.74  -22  372.667
7.74  -22  152.692
7.74  -22  137.568
7.74  -22  37.998
7.74  -22  294.388
7.74  -22  2089.22
7.74  -22  17438.9
7.74  -22  908.908
7.74  -22  250.718
7.74  -22  95.2646
7.74  -22  36.1439
7.76  -22  1062.55
7.76  -22  374.277
7.76  -22  152.594
7.76  -22  138.741
7.76  -22  37.8022
7.76  -22  294.384
7.76  -22  2092.47
7.76  -22  17490.5
7.76  -22  913.157
7.76  -22  252.516
7.76  -22  96.3623
7.76  -22  36.9259
7.78  -22  1063.92
7.78  -22  375.879
7.78  -22  152.491
7.78  -22  139.913
7.78  -22  37.6041
7.78  -22  294.373
7.78  -22  2095.68
7.78  -22  17541.8
7.78  -22  917.387
7.78  -22  254.308
7.78  -22  97.4578
7.78  -22  37.7068
7.8  -22  1065.26
7.8  -22  377.472
7.8  -22  152.384
7.8  -22  141.081
7.8  -22  37.4037
7.8  -22  294.353
7.8  -22  2098.83
7.8  -22  17592.7
7.8  -22  921.598
7.8  -22  256.095
7.8  -22  98.551
7.8  -22  38.4866
7.82  -22  1066.59
7.82  -22  379.055
7.82  -22  152.271
7.82  -22  142.248
7.82  -22  37.2011
7.82  -22  294.324
7.82  -22  2101.94
7.82  -22  17643.2
7.82  -22  925.789
7.82  -22  257.876
7.82  -22  99.6418
7.82  -22  39.2652
7.82  -22  10.5034
7.84  -22  1067.88
7.84  -22  380.63
7.84  -22  152.153
7.84  -22  143.413
7.84  -22  36.9961
7.84  -22  294.288
7.84  -22  2105
7.84  -22  17693.4
7.84  -22  929.96
7.84  -22  259.652
7.84  -22  100.73
7.84  -22  40.0427
7.84  -22  11.1065
7.86  -22  1069.16
7.86  -22  382.196
7.86  -22  152.03
7.86  -22  144.575
7.86  -22  36.789
7.86  -22  294.243
7.86  -22  2108
7.86  -22  17743.1
7.86  -22  934.111
7.86  -22  261.422
7.86  -22  101.816
7.86  -22  40.8189
7.86  -22  11.7088
7.88  -22  1070.41
7.88  -22  383.752
7.88  -22  151.902
7.88  -22  145.735
7.88  -22  36.5796
7.88  -22  294.19
7.88  -22  2110.96
7.88  -22  17792.5
7.88  -22  938.242
7.88  -22  263.186
7.88  -22  102.899
7.88  -22  41.5938
7.88  -22  12.3105
7.9  -22  1071.64
7.9  -22  385.299
7.9  -22  151.769
7.9  -22  146.892
7.9  -22  36.3679
7.9  -22  294.129
7.9  -22  2113.87
7.9  -22  17841.5
7.9  -22  942.352
7.9  -22  264.943
7.9  -22  103.98
7.9  -22  42.3673
7.9  -22  12.9115
7.92  -22  1072.85
7.92  -22  386.837
7.92  -22  151.631
7.92  -22  148.047
7.92  -22  36.1541
7.92  -22  294.06
7.92  -22  2116.73
7.92  -22  17890.1
7.92  -22  946.442
7.92  -22  266.695
7.92  -22  105.058
7.92  -22  43.1395
7.92  -22  13.5117
7.94  -22  1074.03
7.94  -22  388.366
7.94  -22  151.487
7.94  -22  149.199
7.94  -22  35.9381
7.94  -22  293.982
7.94  -22  2119.54
7.94  -22  17938.3
7.94  -22  950.511
7.94  -22  268.441
7.94  -22  106.133
7.94  -22  43.9103
7.94  -22  14.1111
7.96  -22  1075.19
7.96  -22  389.885
7.96  -22  151.339
7.96  -22  150.349
7.96  -22  35.7199
7.96  -22  293.897
7.96  -22  2122.31
7.96  -22  17986
7.96  -22  954.558
7.96  -22  270.18
7.96  -22  107.206
7.96  -22  44.6796
7.96  -22  14.7096
7.98  -22  1076.33
7.98  -22  391.395
7.98  -22  151.185
7.98  -22  151.497
7.98  -22  35.4995
7.98  -22  293.803
7.98  -22  2125.02
7.98  -22  18033.4
7.98  -22  958.584
7.98  -22  271.913
7.98  -22  108.275
7.98  -22  45.4473
7.98  -22  15.3073
8  -22  1077.44
8  -22  392.895
8  -22  151.027
8  -22  152.641
8  -22  35.277
8  -22  293.701
8  -22  2127.68
8  -22  18080.4
8  -22  962.589
8  -22  273.639
8  -22  109.342
8  -22  46.2135
8  -22  15.9041
8.02  -22  1078.54
8.02  -22  394.386
8.02  -22  150.863
8.02  -22  153.784
8.02  -22  35.0524
8.02  -22  293.591
8.02  -22  2130.29
8.02  -22  18127
8.02  -22  966.572
8.02  -22  275.359
8.02  -22  110.406
8.02  -22  46.9781
8.02  -22  16.4999
8.04  -22  1079.6
8.04  -22  395.868
8.04  -22  150.694
8.04  -22  154.923
8.04  -22  34.8256
8.04  -22  293.473
8.04  -22  2132.85
8.04  -22  18173.2
8.04  -22  970.533
8.04  -22  277.072
8.04  -22  111.466
8.04  -22  47.7411
8.04  -22  17.0948
8.06  -22  1080.65
8.06  -22  397.339
8.06  -22  150.52
8.06  -22  156.06
8.06  -22  34.5968
8.06  -22  293.346
8.06  -22  2135.36
8.06  -22  18219
8.06  -22  974.472
8.06  -22  278.778
8.06  -22  112.524
8.06  -22  48.5023
8.06  -22  17.6887
8.08  -22  1081.67
8.08  -22  398.801
8.08  -22  150.341
8.08  -22  157.194
8.08  -22  34.3659
8.08  -22  293.212
8.08  -22  2137.82
8.08  -22  18264.3
8.08  -22  978.388
8.08  -22  280.478
8.08  -22  113.578
8.08  -22  49.2618
8.08  -22  18.2815
8.1  -22  1082.66
8.1  -22  400.254
8.1  -22  150.157
8.1  -22  158.325
8.1  -22  34.1329
8.1  -22  293.069
8.1  -22  2140.23
8.1  -22  18309.3
8.1  -22  982.282
8.1  -22  282.17
8.1  -22  114.63
8.1  -22  50.0195
8.1  -22  18.8732
8.12  -22  1083.64
8.12  -22  401.696
8.12  -22  149.968
8.12  -22  159.453
8.12  -22  33.8978
8.12  -22  292.919
8.12  -22  2142.59
8.12  -22  18353.8
8.12  -22  986.153
8.12  -22  283.856
8.12  -22  115.677
8.12  -22  50.7754
8.12  -22  19.4638
8.14  -22  1084.59
8.14  -22  403.129
8.14  -22  149.774
8.14  -22  160.578
8.14  -22  33.6607
8.14  -22  292.761
8.14  -22  2144.91
8.14  -22  18397.9
8.14  -22  990.002
8.14  -22  285.534
8.14  -22  116.722
8.14  -22  51.5294
8.14  -22  20.0533
8.16  -22  1085.51
8.16  -22  404.552
8.16  -22  149.575
8.16  -22  161.7
8.16  -22  33.4216
8.16  -22  292.594
8.16  -22  2147.16
8.16  -22  18441.6
8.16  -22  993.827
8.16  -22  287.206
8.16  -22  117.763
8.16  -22  52.2815
8.16  -22  20.6415
8.18  -22  1086.42
8.18  -22  405.965
8.18  -22  149.371
8.18  -22  162.82
8.18  -22  33.1805
8.18  -22  292.42
8.18  -22  2149.37
8.18  -22  18484.9
8.18  -22  997.629
8.18  -22  288.869
8.18  -22  118.801
8.18  -22  53.0317
8.18  -22  21.2286
8.2  -22  1087.3
8.2  -22  407.368
8.2  -22  149.161
8.2  -22  163.936
8.2  -22  32.9374
8.2  -22  292.237
8.2  -22  2151.53
8.2  -22  18527.7
8.2  -22  1001.41
8.2  -22  290.526
8.2  -22  119.835
8.2  -22  53.7798
8.2  -22  21.8143
8.22  -22  1088.15
8.22  -22  408.761
8.22  -22  148.947
8.22  -22  165.049
8.22  -22  32.6923
8.22  -22  292.047
8.22  -22  2153.64
8.22  -22  18570.2
8.22  -22  1005.16
8.22  -22  292.175
8.22  -22  120.865
8.22  -22  54.5259
8.22  -22  22.3988
8.24  -22  1088.99
8.24  -22  410.144
8.24  -22  148.727
8.24  -22  166.159
8.24  -22  32.4453
8.24  -22  291.849
8.24  -22  2155.7
8.24  -22  18612.2
8.24  -22  1008.89
8.24  -22  293.816
8.24  -22  121.892
8.24  -22  55.27
8.24  -22  22.982
8.26  -22  1089.8
8.26  -22  411.517
8.26  -22  148.503
8.26  -22  167.266
8.26  -22  32.1964
8.26  -22  291.642
8.26  -22  2157.71
8.26  -22  18653.8
8.26  -22  1012.6
8.26  -22  295.45
8.26  -22  122.916
8.26  -22  56.0119
8.26  -22  23.5638
8.28  -22  1090.58
8.28  -22  412.88
8.28  -22  148.273
8.28  -22  168.37
8.28  -22  31.9455
8.28  -22  291.428
8.28  -22  2159.66
8.28  -22  18694.9
8.28  -22  1016.28
8.28  -22  297.076
8.28  -22  123.935
8.28  -22  56.7516
8.28  -22  24.1443
8.3  -22  1091.34
8.3  -22  414.232
8.3  -22  148.039
8.3  -22  169.47
8.3  -22  31.6927
8.3  -22  291.207
8.3  -22  2161.57
8.3  -22  18735.6
8.3  -22  1019.94
8.3  -22  298.695
8.3  -22  124.951
8.3  -22  57.4891
8.3  -22  24.7233
8.32  -22  1092.08
8.32  -22  415.575
8.32  -22  147.799
8.32  -22  170.567
8.32  -22  31.4381
8.32  -22  290.977
8.32  -22  2163.42
8.32  -22  18775.9
8.32  -22  1023.57
8.32  -22  300.305
8.32  -22  125.963
8.32  -22  58.2244
8.32  -22  25.3008
8.34  -22  1092.8
8.34  -22  416.907
8.34  -22  147.554
8.34  -22  171.661
8.34  -22  31.1816
8.34  -22  290.74
8.34  -22  2165.23
8.34  -22  18815.8
8.34  -22  1027.18
8.34  -22  301.908
8.34  -22  126.971
8.34  -22  58.9574
8.34  -22  25.8769
8.36  -22  1093.49
8.36  -22  418.229
8.36  -22  147.305
8.36  -22  172.752
8.36  -22  30.9232
8.36  -22  290.494
8.36  -22  2166.98
8.36  -22  18855.2
8.36  -22  1030.77
8.36  -22  303.502
8.36  -22  127.975
8.36  -22  59.688
8.36  -22  26.4514
8.38  -22  1094.15
8.38  -22  419.541
8.38  -22  147.05
8.38  -22  173.839
8.38  -22  30.6631
8.38  -22  290.241
8.38  -22  2168.68
8.38  -22  18894.2
8.38  -22  1034.33
8.38  -22  305.088
8.38  -22  128.975
8.38  -22  60.4163
8.38  -22  27.0244
8.4  -22  1094.8
8.4  -22  420.842
8.4  -22  146.79
8.4  -22  174.922
8.4  -22  30.4011
8.4  -22  289.981
8.4  -22  2170.33
8.4  -22  18932.7
8.4  -22  1037.86
8.4  -22  306.666
8.4  -22  129.971
8.4  -22  61.1422
8.4  -22  27.5958
8.42  -22  1095.42
8.42  -22  422.133
8.42  -22  146.526
8.42  -22  176.003
8.42  -22  30.1373
8.42  -22  289.712
8.42  -22  2171.94
8.42  -22  18970.8
8.42  -22  1041.37
8.42  -22  308.236
8.42  -22  130.963
8.42  -22  61.8657
8.42  -22  28.1656
8.44  -22  1096.01
8.44  -22  423.414
8.44  -22  146.256
8.44  -22  177.079
8.44  -22  29.8718
8.44  -22  289.436
8.44  -22  2173.49
8.44  -22  19008.5
8.44  -22  1044.85
8.44  -22  309.798
8.44  -22  131.951
8.44  -22  62.5867
8.44  -22  28.7338
8.46  -22  1096.59
8.46  -22  424.684
8.46  -22  145.982
8.46  -22  178.152
8.46  -22  29.6045
8.46  -22  289.153
8.46  -22  2174.99
8.46  -22  19045.7
8.46  -22  1048.31
8.46  -22  311.351
8.46  -22  132.934
8.46  -22  63.3051
8.46  -22  29.3002
8.46  -22  10.4183
8.48  -22  1097.13
8.48  -22  425.943
8.48  -22  145.702
8.48  -22  179.221
8.48  -22  29.3355
8.48  -22  288.862
8.48  -22  2176.43
8.48  -22  19082.5
8.48  -22  1051.74
8.48  -22  312.895
8.48  -22  133.914
8.48  -22  64.021
8.48  -22  29.865
8.48  -22  10.8853
8.5  -22  1097.66
8.5  -22  427.193
8.5  -22  145.418
8.5  -22  180.287
8.5  -22  29.0647
8.5  -22  288.563
8.5  -22  2177.83
8.5  -22  19118.8
8.5  -22  1055.15
8.5  -22  314.431
8.5  -22  134.889
8.5  -22  64.7343
8.5  -22  30.428
8.5  -22  11.351
8.52  -22  1098.16
8.52  -22  428.431
8.52  -22  145.128
8.52  -22  181.349
8.52  -22  28.7923
8.52  -22  288.257
8.52  -22  2179.18
8.52  -22  19154.7
8.52  -22  1058.53
8.52  -22  315.958
8.52  -22  135.86
8.52  -22  65.4449
8.52  -22  30.9892
8.52  -22  11.8154
8.54  -22  1098.64
8.54  -22  429.659
8.54  -22  144.834
8.54  -22  182.408
8.54  -22  28.5182
8.54  -22  287.943
8.54  -22  2180.48
8.54  -22  19190.1
8.54  -22  1061.88
8.54  -22  317.477
8.54  -22  136.826
8.54  -22  66.1529
8.54  -22  31.5487
8.54  -22  12.2786
8.56  -22  1099.09
8.56  -22  430.876
8.56  -22  144.534
8.56  -22  183.462
8.56  -22  28.2425
8.56  -22  287.622
8.56  -22  2181.72
8.56  -22  19225.1
8.56  -22  1065.21
8.56  -22  318.987
8.56  -22  137.788
8.56  -22  66.8582
8.56  -22  32.1063
8.56  -22  12.7404
8.58  -22  1099.52
8.58  -22  432.083
8.58  -22  144.23
8.58  -22  184.513
8.58  -22  27.9651
8.58  -22  287.293
8.58  -22  2182.92
8.58  -22  19259.7
8.58  -22  1068.51
8.58  -22  320.488
8.58  -22  138.745
8.58  -22  67.5607
8.58  -22  32.6621
8.58  -22  13.2008
8.6  -22  1099.93
8.6  -22  433.279
8.6  -22  143.921
8.6  -22  185.56
8.6  -22  27.6861
8.6  -22  286.957
8.6  -22  2184.06
8.6  -22  19293.8
8.6  -22  1071.78
8.6  -22  321.98
8.6  -22  139.698
8.6  -22  68.2604
8.6  -22  33.2159
8.6  -22  13.6599
8.62  -22  1100.31
8.62  -22  434.464
8.62  -22  143.607
8.62  -22  186.603
8.62  -22  27.4055
8.62  -22  286.613
8.62  -22  2185.15
8.62  -22  19327.4
8.62  -22  1075.03
8.62  -22  323.462
8.62  -22  140.646
8.62  -22  68.9574
8.62  -22  33.7679
8.62  -22  14.1176
8.64  -22  1100.67
8.64  -22  435.639
8.64  -22  143.288
8.64  -22  187.642
8.64  -22  27.1233
8.64  -22  286.263
8.64  -22  2186.2
8.64  -22  19360.6
8.64  -22  1078.25
8.64  -22  324.936
8.64  -22  141.589
8.64  -22  69.6514
8.64  -22  34.3179
8.64  -22  14.5739
8.66  -22  1101.01
8.66  -22  436.803
8.66  -22  142.964
8.66  -22  188.677
8.66  -22  26.8396
8.66  -22  285.905
8.66  -22  2187.19
8.66  -22  19393.3
8.66  -22  1081.44
8.66  -22  326.401
8.66  -22  142.528
8.66  -22  70.3426
8.66  -22  34.8659
8.66  -22  15.0287
8.68  -22  1101.32
8.68  -22  437.956
8.68  -22  142.635
8.68  -22  189.708
8.68  -22  26.5544
8.68  -22  285.539
8.68  -22  2188.13
8.68  -22  19425.6
8.68  -22  1084.61
8.68  -22  327.857
8.68  -22  143.462
8.68  -22  71.0309
8.68  -22  35.4119
8.68  -22  15.4821
8.7  -22  1101.61
8.7  -22  439.098
8.7  -22  142.302
8.7  -22  190.735
8.7  -22  26.2676
8.7  -22  285.167
8.7  -22  2189.02
8.7  -22  19457.4
8.7  -22  1087.74
8.7  -22  329.303
8.7  -22  144.392
8.7  -22  71.7162
8.7  -22  35.9559
8.7  -22  15.9339
8.72  -22  1101.87
8.72  -22  440.23
8.72  -22  141.963
8.72  -22  191.758
8.72  -22  25.9794
8.72  -22  284.787
8.72  -22  2189.86
8.72  -22  19488.8
8.72  -22  1090.85
8.72  -22  330.74
8.72  -22  145.316
8.72  -22  72.3985
8.72  -22  36.4978
8.72  -22  16.3843
8.74  -22  1102.11
8.74  -22  441.35
8.74  -22  141.62
8.74  -22  192.777
8.74  -22  25.6897
8.74  -22  284.4
8.74  -22  2190.65
8.74  -22  19519.7
8.74  -22  1093.94
8.74  -22  332.167
8.74  -22  146.236
8.74  -22  73.0778
8.74  -22  37.0376
8.74  -22  16.8331
8.76  -22  1102.33
8.76  -22  442.46
8.76  -22  141.272
8.76  -22  193.792
8.76  -22  25.3985
8.76  -22  284.006
8.76  -22  2191.39
8.76  -22  19550.1
8.76  -22  1096.99
8.76  -22  333.585
8.76  -22  147.151
8.76  -22  73.7541
8.76  -22  37.5753
8.76  -22  17.2803
8.78  -22  1102.52
8.78  -22  443.558
8.78  -22  140.919
8.78  -22  194.802
8.78  -22  25.1059
8.78  -22  283.605
8.78  -22  2192.08
8.78  -22  19580.1
8.78  -22  1100.02
8.78  -22  334.994
8.78  -22  148.061
8.78  -22  74.4272
8.78  -22  38.1109
8.78  -22  17.7259
8.8  -22  1102.69
8.8  -22  444.646
8.8  -22  140.561
8.8  -22  195.809
8.8  -22  24.8119
8.8  -22  283.197
8.8  -22  2192.72
8.8  -22  19609.6
8.8  -22  1103.02
8.8  -22  336.393
8.8  -22  148.966
8.8  -22  75.0972
8.8  -22  38.6443
8.8  -22  18.17
8.82  -22  1102.84
8.82  -22  445.723
8.82  -22  140.199
8.82  -22  196.811
8.82  -22  24.5166
8.82  -22  282.782
8.82  -22  2193.31
8.82  -22  19638.7
8.82  -22  1105.99
8.82  -22  337.782
8.82  -22  149.865
8.82  -22  75.7641
8.82  -22  39.1755
8.82  -22  18.6124
8.84  -22  1102.96
8.84  -22  446.789
8.84  -22  139.832
8.84  -22  197.808
8.84  -22  24.2198
8.84  -22  282.36
8.84  -22  2193.85
8.84  -22  19667.3
8.84  -22  1108.94
8.84  -22  339.162
8.84  -22  150.76
8.84  -22  76.4278
8.84  -22  39.7045
8.84  -22  19.0531
8.86  -22  1103.06
8.86  -22  447.844
8.86  -22  139.46
8.86  -22  198.802
8.86  -22  23.9218
8.86  -22  281.93
8.86  -22  2194.34
8.86  -22  19695.5
8.86  -22  1111.85
8.86  -22  340.532
8.86  -22  151.65
8.86  -22  77.0883
8.86  -22  40.2312
8.86  -22  19.4921
8.88  -22  1103.14
8.88  -22  448.888
8.88  -22  139.083
8.88  -22  199.791
8.88  -22  23.6224
8.88  -22  281.495
8.88  -22  2194.78
8.88  -22  19723.1
8.88  -22  1114.74
8.88  -22  341.892
8.88  -22  152.534
8.88  -22  77.7455
8.88  -22  40.7557
8.88  -22  19.9295
8.9  -22  1103.19
8.9  -22  449.92
8.9  -22  138.701
8.9  -22  200.775
8.9  -22  23.3217
8.9  -22  281.052
8.9  -22  2195.17
8.9  -22  19750.4
8.9  -22  1117.6
8.9  -22  343.242
8.9  -22  153.414
8.9  -22  78.3994
8.9  -22  41.2778
8.9  -22  20.3651
8.92  -22  1103.22
8.92  -22  450.942
8.92  -22  138.315
8.92  -22  201.755
8.92  -22  23.0197
8.92  -22  280.602
8.92  -22  2195.51
8.92  -22  19777.1
8.92  -22  1120.43
8.92  -22  344.582
8.92  -22  154.288
8.92  -22  79.05
8.92  -22  41.7976
8.92  -22  20.799
8.94  -22  1103.22
8.94  -22  451.953
8.94  -22  137.924
8.94  -22  202.731
8.94  -22  22.7165
8.94  -22  280.146
8.94  -22  2195.81
8.94  -22  19803.4
8.94  -22  1123.23
8.94  -22  345.913
8.94  -22  155.157
8.94  -22  79.6973
8.94  -22  42.3151
8.94  -22  21.2311
8.96  -22  1103.21
8.96  -22  452.952
8.96  -22  137.529
8.96  -22  203.702
8.96  -22  22.412
8.96  -22  279.683
8.96  -22  2196.05
8.96  -22  19829.3
8.96  -22  1126
8.96  -22  347.233
8.96  -22  156.02
8.96  -22  80.3413
8.96  -22  42.8302
8.96  -22  21.6614
8.98  -22  1103.16
8.98  -22  453.941
8.98  -22  137.128
8.98  -22  204.669
8.98  -22  22.1063
8.98  -22  279.213
8.98  -22  2196.24
8.98  -22  19854.6
8.98  -22  1128.75
8.98  -22  348.543
8.98  -22  156.878
8.98  -22  80.9818
8.98  -22  43.3429
8.98  -22  22.09
9  -22  1103.1
9  -22  454.918
9  -22  136.723
9  -22  205.631
9  -22  21.7995
9  -22  278.737
9  -22  2196.38
9  -22  19879.5
9  -22  1131.46
9  -22  349.843
9  -22  157.731
9  -22  81.6189
9  -22  43.8532
9  -22  22.5166
9.02  -22  1103.01
9.02  -22  455.884
9.02  -22  136.314
9.02  -22  206.588
9.02  -22  21.4915
9.02  -22  278.254
9.02  -22  2196.48
9.02  -22  19904
9.02  -22  1134.15
9.02  -22  351.133
9.02  -22  158.579
9.02  -22  82.2525
9.02  -22  44.3611
9.02  -22  22.9415
9.04  -22  1102.9
9.04  -22  456.839
9.04  -22  135.899
9.04  -22  207.541
9.04  -22  21.1823
9.04  -22  277.765
9.04  -22  2196.52
9.04  -22  19927.9
9.04  -22  1136.8
9.04  -22  352.413
9.04  -22  159.421
9.04  -22  82.8827
9.04  -22  44.8664
9.04  -22  23.3644
9.04  -22  10.148
9.06  -22  1102.77
9.06  -22  457.783
9.06  -22  135.481
9.06  -22  208.489
9.06  -22  20.872
9.06  -22  277.269
9.06  -22  2196.52
9.06  -22  19951.4
9.06  -22  1139.43
9.06  -22  353.682
9.06  -22  160.257
9.06  -22  83.5093
9.06  -22  45.3693
9.06  -22  23.7855
9.06  -22  10.5109
9.08  -22  1102.61
9.08  -22  458.715
9.08  -22  135.057
9.08  -22  209.432
9.08  -22  20.5607
9.08  -22  276.766
9.08  -22  2196.46
9.08  -22  19974.5
9.08  -22  1142.03
9.08  -22  354.941
9.08  -22  161.088
9.08  -22  84.1324
9.08  -22  45.8696
9.08  -22  24.2047
9.08  -22  10.8722
9.1  -22  1102.43
9.1  -22  459.637
9.1  -22  134.629
9.1  -22  210.371
9.1  -22  20.2482
9.1  -22  276.257
9.1  -22  2196.36
9.1  -22  19997.1
9.1  -22  1144.6
9.1  -22  356.19
9.1  -22  161.913
9.1  -22  84.752
9.1  -22  46.3675
9.1  -22  24.6219
9.1  -22  11.232
9.12  -22  1102.22
9.12  -22  460.547
9.12  -22  134.197
9.12  -22  211.304
9.12  -22  19.9347
9.12  -22  275.742
9.12  -22  2196.21
9.12  -22  20019.2
9.12  -22  1147.14
9.12  -22  357.428
9.12  -22  162.733
9.12  -22  85.3679
9.12  -22  46.8627
9.12  -22  25.0372
9.12  -22  11.5903
9.14  -22  1101.99
9.14  -22  461.446
9.14  -22  133.759
9.14  -22  212.233
9.14  -22  19.6202
9.14  -22  275.221
9.14  -22  2196.01
9.14  -22  20040.8
9.14  -22  1149.65
9.14  -22  358.656
9.14  -22  163.548
9.14  -22  85.9803
9.14  -22  47.3554
9.14  -22  25.4505
9.14  -22  11.9469
9.16  -22  1101.74
9.16  -22  462.333
9.16  -22  133.318
9.16  -22  213.157
9.16  -22  19.3046
9.16  -22  274.693
9.16  -22  2195.77
9.16  -22  20062
9.16  -22  1152.13
9.16  -22  359.874
9.16  -22  164.356
9.16  -22  86.589
9.16  -22  47.8455
9.16  -22  25.8618
9.16  -22  12.302
9.18  -22  1101.47
9.18  -22  463.21
9.18  -22  132.872
9.18  -22  214.076
9.18  -22  18.9881
9.18  -22  274.159
9.18  -22  2195.47
9.18  -22  20082.7
9.18  -22  1154.59
9.18  -22  361.081
9.18  -22  165.159
9.18  -22  87.194
9.18  -22  48.3329
9.18  -22  26.2712
9.18  -22  12.6555
9.2  -22  1101.17
9.2  -22  464.075
9.2  -22  132.421
9.2  -22  214.99
9.2  -22  18.6706
9.2  -22  273.619
9.2  -22  2195.13
9.2  -22  20103
9.2  -22  1157.01
9.2  -22  362.277
9.2  -22  165.956
9.2  -22  87.7954
9.2  -22  48.8177
9.2  -22  26.6784
9.2  -22  13.0074
9.22  -22  1100.85
9.22  -22  464.929
9.22  -22  131.966
9.22  -22  215.899
9.22  -22  18.3522
9.22  -22  273.073
9.22  -22  2194.74
9.22  -22  20122.8
9.22  -22  1159.4
9.22  -22  363.463
9.22  -22  166.748
9.22  -22  88.393
9.22  -22  49.2999
9.22  -22  27.0837
9.22  -22  13.3577
9.24  -22  1100.51
9.24  -22  465.771
9.24  -22  131.506
9.24  -22  216.803
9.24  -22  18.0329
9.24  -22  272.521
9.24  -22  2194.3
9.24  -22  20142.1
9.24  -22  1161.76
9.24  -22  364.638
9.24  -22  167.534
9.24  -22  88.9869
9.24  -22  49.7793
9.24  -22  27.4869
9.24  -22  13.7063
9.26  -22  1100.14
9.26  -22  466.602
9.26  -22  131.042
9.26  -22  217.702
9.26  -22  17.7127
9.26  -22  271.962
9.26  -22  2193.82
9.26  -22  20160.9
9.26  -22  1164.1
9.26  -22  365.802
9.26  -22  168.314
9.26  -22  89.577
9.26  -22  50.256
9.26  -22  27.888
9.26  -22  14.0532
9.28  -22  1099.75
9.28  -22  467.422
9.28  -22  130.573
9.28  -22  218.596
9.28  -22  17.3916
9.28  -22  271.398
9.28  -22  2193.28
9.28  -22  20179.3
9.28  -22  1166.4
9.28  -22  366.956
9.28  -22  169.088
9.28  -22  90.1633
9.28  -22  50.7301
9.28  -22  28.287
9.28  -22  14.3984
9.3  -22  1099.34
9.3  -22  468.231
9.3  -22  130.1
9.3  -22  219.485
9.3  -22  17.0696
9.3  -22  270.828
9.3  -22  2192.7
9.3  -22  20197.2
9.3  -22  1168.67
9.3  -22  368.098
9.3  -22  169.856
9.3  -22  90.7458
9.3  -22  51.2013
9.3  -22  28.684
9.3  -22  14.742
9.32  -22  1098.91
9.32  -22  469.028
9.32  -22  129.623
9.32  -22  220.369
9.32  -22  16.7469
9.32  -22  270.252
9.32  -22  2192.08
9.32  -22  20214.7
9.32  -22  1170.92
9.32  -22  369.231
9.32  -22  170.618
9.32  -22  91.3245
9.32  -22  51.6698
9.32  -22  29.0787
9.32  -22  15.0838
9.34  -22  1098.45
9.34  -22  469.814
9.34  -22  129.142
9.34  -22  221.247
9.34  -22  16.4233
9.34  -22  269.67
9.34  -22  2191.4
9.34  -22  20231.7
9.34  -22  1173.13
9.34  -22  370.352
9.34  -22  171.375
9.34  -22  91.8993
9.34  -22  52.1355
9.34  -22  29.4714
9.34  -22  15.4239
9.36  -22  1097.97
9.36  -22  470.589
9.36  -22  128.655
9.36  -22  222.12
9.36  -22  16.099
9.36  -22  269.082
9.36  -22  2190.68
9.36  -22  20248.2
9.36  -22  1175.31
9.36  -22  371.462
9.36  -22  172.125
9.36  -22  92.4703
9.36  -22  52.5984
9.36  -22  29.8619
9.36  -22  15.7623
9.38  -22  1097.47
9.38  -22  471.352
9.38  -22  128.165
9.38  -22  222.988
9.38  -22  15.7739
9.38  -22  268.489
9.38  -22  2189.91
9.38  -22  20264.3
9.38  -22  1177.47
9.38  -22  372.562
9.38  -22  172.87
9.38  -22  93.0374
9.38  -22  53.0585
9.38  -22  30.2502
9.38  -22  16.0989
9.4  -22  1096.94
9.4  -22  472.104
9.4  -22  127.67
9.4  -22  223.851
9.4  -22  15.4481
9.4  -22  267.89
9.4  -22  2189.1
9.4  -22  20279.9
9.4  -22  1179.59
9.4  -22  373.65
9.4  -22  173.609
9.4  -22  93.6005
9.4  -22  53.5158
9.4  -22  30.6363
9.4  -22  16.4338
9.42  -22  1096.39
9.42  -22  472.844
9.42  -22  127.172
9.42  -22  224.709
9.42  -22  15.1216
9.42  -22  267.285
9.42  -22  2188.24
9.42  -22  20295.1
9.42  -22  1181.68
9.42  -22  374.728
9.42  -22  174.341
9.42  -22  94.1597
9.42  -22  53.9702
9.42  -22  31.0202
9.42  -22  16.7668
9.44  -22  1095.82
9.44  -22  473.574
9.44  -22  126.668
9.44  -22  225.561
9.44  -22  14.7945
9.44  -22  266.675
9.44  -22  2187.34
9.44  -22  20309.7
9.44  -22  1183.75
9.44  -22  375.795
9.44  -22  175.068
9.44  -22  94.715
9.44  -22  54.4217
9.44  -22  31.4019
9.44  -22  17.0981
9.46  -22  1095.23
9.46  -22  474.292
9.46  -22  126.161
9.46  -22  226.407
9.46  -22  14.4666
9.46  -22  266.06
9.46  -22  2186.38
9.46  -22  20324
9.46  -22  1185.78
9.46  -22  376.85
9.46  -22  175.789
9.46  -22  95.2663
9.46  -22  54.8703
9.46  -22  31.7813
9.46  -22  17.4275
9.48  -22  1094.62
9.48  -22  474.998
9.48  -22  125.649
9.48  -22  227.249
9.48  -22  14.1381
9.48  -22  265.438
9.48  -22  2185.39
9.48  -22  20337.7
9.48  -22  1187.78
9.48  -22  377.895
9.48  -22  176.503
9.48  -22  95.8135
9.48  -22  55.3161
9.48  -22  32.1585
9.48  -22  17.7552
9.5  -22  1093.98
9.5  -22  475.693
9.5  -22  125.133
9.5  -22  228.084
9.5  -22  13.8091
9.5  -22  264.812
9.5  -22  2184.35
9.5  -22  20351
9.5  -22  1189.76
9.5  -22  378.929
9.5  -22  177.211
9.5  -22  96.3568
9.5  -22  55.7589
9.5  -22  32.5334
9.5  -22  18.081
9.52  -22  1093.32
9.52  -22  476.377
9.52  -22  124.613
9.52  -22  228.915
9.52  -22  13.4794
9.52  -22  264.18
9.52  -22  2183.26
9.52  -22  20363.9
9.52  -22  1191.7
9.52  -22  379.951
9.52  -22  177.914
9.52  -22  96.896
9.52  -22  56.1987
9.52  -22  32.906
9.52  -22  18.4049
9.54  -22  1092.64
9.54  -22  477.049
9.54  -22  124.089
9.54  -22  229.739
9.54  -22  13.1492
9.54  -22  263.543
9.54  -22  2182.13
9.54  -22  20376.3
9.54  -22  1193.61
9.54  -22  380.963
9.54  -22  178.61
9.54  -22  97.4312
9.54  -22  56.6356
9.54  -22  33.2764
9.54  -22  18.727
9.56  -22  1091.93
9.56  -22  477.71
9.56  -22  123.56
9.56  -22  230.559
9.56  -22  12.8184
9.56  -22  262.901
9.56  -22  2180.95
9.56  -22  20388.2
9.56  -22  1195.49
9.56  -22  381.963
9.56  -22  179.3
9.56  -22  97.9624
9.56  -22  57.0696
9.56  -22  33.6444
9.56  -22  19.0472
9.58  -22  1091.21
9.58  -22  478.36
9.58  -22  123.028
9.58  -22  231.372
9.58  -22  12.4872
9.58  -22  262.253
9.58  -22  2179.73
9.58  -22  20399.7
9.58  -22  1197.35
9.58  -22  382.952
9.58  -22  179.984
9.58  -22  98.4894
9.58  -22  57.5005
9.58  -22  34.0101
9.58  -22  19.3655
9.6  -22  1090.46
9.6  -22  478.998
9.6  -22  122.491
9.6  -22  232.18
9.6  -22  12.1554
9.6  -22  261.6
9.6  -22  2178.46
9.6  -22  20410.7
9.6  -22  1199.17
9.6  -22  383.93
9.6  -22  180.662
9.6  -22  99.0123
9.6  -22  57.9285
9.6  -22  34.3735
9.6  -22  19.6819
9.62  -22  1089.69
9.62  -22  479.625
9.62  -22  121.95
9.62  -22  232.983
9.62  -22  11.8232
9.62  -22  260.943
9.62  -22  2177.15
9.62  -22  20421.2
9.62  -22  1200.96
9.62  -22  384.897
9.62  -22  181.333
9.62  -22  99.5311
9.62  -22  58.3534
9.62  -22  34.7345
9.62  -22  19.9964
9.62  -22  10.2504
9.64  -22  1088.9
9.64  -22  480.241
9.64  -22  121.406
9.64  -22  233.78
9.64  -22  11.4905
9.64  -22  260.28
9.64  -22  2175.8
9.64  -22  20431.4
9.64  -22  1202.72
9.64  -22  385.853
9.64  -22  181.998
9.64  -22  100.046
9.64  -22  58.7753
9.64  -22  35.0932
9.64  -22  20.309
9.64  -22  10.5279
9.66  -22  1088.08
9.66  -22  480.845
9.66  -22  120.857
9.66  -22  234.571
9.66  -22  11.1574
9.66  -22  259.612
9.66  -22  2174.4
9.66  -22  20441
9.66  -22  1204.45
9.66  -22  386.797
9.66  -22  182.657
9.66  -22  100.556
9.66  -22  59.1942
9.66  -22  35.4494
9.66  -22  20.6196
9.66  -22  10.8036
9.68  -22  1087.25
9.68  -22  481.438
9.68  -22  120.304
9.68  -22  235.356
9.68  -22  10.8239
9.68  -22  258.94
9.68  -22  2172.96
9.68  -22  20450.2
9.68  -22  1206.15
9.68  -22  387.731
9.68  -22  183.31
9.68  -22  101.063
9.68  -22  59.61
9.68  -22  35.8033
9.68  -22  20.9283
9.68  -22  11.0778
9.7  -22  1086.39
9.7  -22  482.019
9.7  -22  119.747
9.7  -22  236.135
9.7  -22  10.4901
9.7  -22  258.262
9.7  -22  2171.48
9.7  -22  20459
9.7  -22  1207.82
9.7  -22  388.653
9.7  -22  183.957
9.7  -22  101.565
9.7  -22  60.0228
9.7  -22  36.1548
9.7  -22  21.2351
9.7  -22  11.3503
9.72  -22  1085.51
9.72  -22  482.589
9.72  -22  119.186
9.72  -22  236.909
9.72  -22  10.1559
9.72  -22  257.58
9.72  -22  2169.95
9.72  -22  20467.3
9.72  -22  1209.46
9.72  -22  389.563
9.72  -22  184.597
9.72  -22  102.063
9.72  -22  60.4324
9.72  -22  36.5039
9.72  -22  21.5399
9.72  -22  11.6211
9.74  -22  1084.61
9.74  -22  483.148
9.74  -22  118.622
9.74  -22  237.677
9.74  -22  256.893
9.74  -22  2168.38
9.74  -22  20475.1
9.74  -22  1211.07
9.74  -22  390.463
9.74  -22  185.231
9.74  -22  102.557
9.74  -22  60.839
9.74  -22  36.8506
9.74  -22  21.8427
9.74  -22  11.8903
9.76  -22  1083.69
9.76  -22  483.695
9.76  -22  118.053
9.76  -22  238.439
9.76  -22  256.202
9.76  -22  2166.77
9.76  -22  20482.5
9.76  -22  1212.65
9.76  -22  391.351
9.76  -22  185.858
9.76  -22  103.046
9.76  -22  61.2425
9.76  -22  37.1948
9.76  -22  22.1435
9.76  -22  12.1578
9.78  -22  1082.74
9.78  -22  484.231
9.78  -22  117.481
9.78  -22  239.195
9.78  -22  255.506
9.78  -22  2165.12
9.78  -22  20489.5
9.78  -22  1214.2
9.78  -22  392.228
9.78  -22  186.48
9.78  -22  103.532
9.78  -22  61.6428
9.78  -22  37.5366
9.78  -22  22.4423
9.78  -22  12.4237
9.8  -22  1081.78
9.8  -22  484.756
9.8  -22  116.904
9.8  -22  239.945
9.8  -22  254.805
9.8  -22  2163.42
9.8  -22  20496
9.8  -22  1215.72
9.8  -22  393.094
9.8  -22  187.095
9.8  -22  104.013
9.8  -22  62.04
9.8  -22  37.876
9.8  -22  22.7391
9.8  -22  12.6878
9.82  -22  1080.79
9.82  -22  485.269
9.82  -22  116.324
9.82  -22  240.69
9.82  -22  254.1
9.82  -22  2161.68
9.82  -22  20502.1
9.82  -22  1217.21
9.82  -22  393.948
9.82  -22  187.703
9.82  -22  104.49
9.82  -22  62.4341
9.82  -22  38.2128
9.82  -22  23.0339
9.82  -22  12.9502
9.84  -22  1079.78
9.84  -22  485.771
9.84  -22  115.74
9.84  -22  241.428
9.84  -22  253.39
9.84  -22  2159.91
9.84  -22  20507.7
9.84  -22  1218.67
9.84  -22  394.791
9.84  -22  188.306
9.84  -22  104.962
9.84  -22  62.8251
9.84  -22  38.5472
9.84  -22  23.3267
9.84  -22  13.211
9.86  -22  1078.75
9.86  -22  486.262
9.86  -22  115.152
9.86  -22  242.16
9.86  -22  252.676
9.86  -22  2158.09
9.86  -22  20512.9
9.86  -22  1220.1
9.86  -22  395.623
9.86  -22  188.901
9.86  -22  105.431
9.86  -22  63.2128
9.86  -22  38.8792
9.86  -22  23.6174
9.86  -22  13.47
9.88  -22  1077.7
9.88  -22  486.741
9.88  -22  114.56
9.88  -22  242.886
9.88  -22  251.958
9.88  -22  2156.22
9.88  -22  20517.6
9.88  -22  1221.5
9.88  -22  396.443
9.88  -22  189.491
9.88  -22  105.895
9.88  -22  63.5974
9.88  -22  39.2086
9.88  -22  23.9061
9.88  -22  13.7273
9.9  -22  1076.63
9.9  -22  487.209
9.9  -22  113.965
9.9  -22  243.606
9.9  -22  251.236
9.9  -22  2154.32
9.9  -22  20521.9
9.9  -22  1222.87
9.9  -22  397.253
9.9  -22  190.074
9.9  -22  106.355
9.9  -22  63.9789
9.9  -22  39.5355
9.9  -22  24.1927
9.9  -22  13.9828
9.92  -22  1075.54
9.92  -22  487.666
9.92  -22  113.366
9.92  -22  244.32
9.92  -22  250.509
9.92  -22  2152.38
9.92  -22  20525.8
9.92  -22  1224.21
9.92  -22  398.05
9.92  -22  190.651
9.92  -22  106.81
9.92  -22  64.3571
9.92  -22  39.8599
9.92  -22  24.4773
9.92  -22  14.2366
9.94  -22  1074.43
9.94  -22  488.111
9.94  -22  112.763
9.94  -22  245.028
9.94  -22  249.778
9.94  -22  2150.4
9.94  -22  20529.2
9.94  -22  1225.52
9.94  -22  398.837
9.94  -22  191.221
9.94  -22  107.261
9.94  -22  64.7321
9.94  -22  40.1818
9.94  -22  24.7598
9.94  -22  14.4887
9.96  -22  1073.29
9.96  -22  488.546
9.96  -22  112.157
9.96  -22  245.73
9.96  -22  249.044
9.96  -22  2148.38
9.96  -22  20532.2
9.96  -22  1226.8
9.96  -22  399.612
9.96  -22  191.785
9.96  -22  107.708
9.96  -22  65.104
9.96  -22  40.5012
9.96  -22  25.0402
9.96  -22  14.739
9.98  -22  1072.14
9.98  -22  488.968
9.98  -22  111.547
9.98  -22  246.426
9.98  -22  248.305
9.98  -22  2146.32
9.98  -22  20534.8
9.98  -22  1228.05
9.98  -22  400.376
9.98  -22  192.342
9.98  -22  108.151
9.98  -22  65.4726
9.98  -22  40.818
9.98  -22  25.3186
9.98  -22  14.9875
10  -22  1070.96
10  -22  489.38
10  -22  110.933
10  -22  247.115
10  -22  247.562
10  -22  2144.22
10  -22  20536.9
10  -22  1229.27
10  -22  401.128
10  -22  192.894
10  -22  108.589
10  -22  65.838
10  -22  41.1323
10  -22  25.5948
10  -22  15.2342
